Ativo,2026-01-14 06:50,2026-01-14 06:55,2026-01-14 07:00,2026-01-14 07:05,2026-01-14 07:10,2026-01-14 07:15,2026-01-14 07:20,2026-01-14 07:25,2026-01-14 07:30,2026-01-14 07:35,2026-01-14 07:40,2026-01-14 07:45,2026-01-14 07:50,2026-01-14 07:55,2026-01-14 08:00,2026-01-14 08:05,2026-01-14 08:10,2026-01-14 08:15,2026-01-14 08:20,2026-01-14 08:25,2026-01-14 08:30,2026-01-14 08:35,2026-01-14 08:40,2026-01-14 08:45,2026-01-14 08:50,2026-01-14 08:55,2026-01-14 09:00,2026-01-14 09:05,2026-01-14 09:10,2026-01-14 09:15,2026-01-14 09:20,2026-01-14 09:25,2026-01-14 09:30,2026-01-14 09:35,2026-01-14 09:40,2026-01-14 09:45,2026-01-14 09:50,2026-01-14 09:55,2026-01-14 10:00,2026-01-14 10:05,2026-01-14 10:10,2026-01-14 10:15,2026-01-14 10:20,2026-01-14 10:25,2026-01-14 10:30,2026-01-14 10:35,2026-01-14 10:40,2026-01-14 10:45,2026-01-14 10:50,2026-01-14 10:55,2026-01-14 11:00,2026-01-14 11:05,2026-01-14 11:10,2026-01-14 11:15,2026-01-14 11:20,2026-01-14 11:25,2026-01-14 11:30,2026-01-14 11:35,2026-01-14 11:40,2026-01-14 11:45,2026-01-14 11:50,2026-01-14 11:55,2026-01-14 12:00,2026-01-14 12:05,2026-01-14 12:10,2026-01-14 12:15,2026-01-14 12:20,2026-01-14 12:25,2026-01-14 12:30,2026-01-14 12:35,2026-01-14 12:40,2026-01-14 12:45,2026-01-14 12:50,2026-01-14 12:55,2026-01-14 13:00,2026-01-14 13:05,2026-01-14 13:10,2026-01-14 13:15,2026-01-14 13:20,2026-01-14 13:25,2026-01-14 13:30,2026-01-14 13:35,2026-01-14 13:40,2026-01-14 13:45,2026-01-14 13:50,2026-01-14 13:55,2026-01-14 14:00,2026-01-14 14:05,2026-01-14 14:10,2026-01-14 14:15,2026-01-14 14:20,2026-01-14 14:25,2026-01-14 14:30,2026-01-14 14:35,2026-01-14 14:40,2026-01-14 14:45,2026-01-14 14:50,2026-01-14 14:55,2026-01-14 15:00,2026-01-14 15:05,2026-01-14 15:10,2026-01-14 15:15,2026-01-14 15:20,2026-01-14 15:25,2026-01-14 15:30,2026-01-14 15:35,2026-01-14 15:40,2026-01-14 15:45,2026-01-14 15:50,2026-01-14 15:55,2026-01-14 17:15,2026-01-14 17:45,2026-01-14 17:50,2026-01-14 17:55,2026-01-14 18:00,2026-01-14 18:25,2026-01-14 18:30,2026-01-14 18:35,2026-01-14 18:45,2026-01-14 18:50,2026-01-14 18:55,2026-01-14 19:10,2026-01-14 19:15,2026-01-14 19:20,2026-01-14 19:25,2026-01-14 19:30,2026-01-14 19:35,2026-01-14 19:40,2026-01-14 19:45,2026-01-14 19:50,2026-01-14 19:55,2026-01-14 20:00,2026-01-14 20:05,2026-01-14 20:10,2026-01-14 20:15,2026-01-14 20:20,2026-01-14 20:25,2026-01-14 20:30,2026-01-14 20:35,2026-01-14 20:40,2026-01-14 20:45,2026-01-14 20:50,2026-01-14 20:55,2026-01-14 21:00,2026-01-14 21:05,2026-01-14 21:10,2026-01-14 21:15,2026-01-14 21:20,2026-01-14 21:25,2026-01-14 21:30,2026-01-14 21:35,2026-01-14 21:40,2026-01-14 21:45,2026-01-14 21:50,2026-01-14 21:55,2026-01-14 22:00,2026-01-14 22:05,2026-01-14 22:10,2026-01-14 22:15,2026-01-14 22:20,2026-01-14 22:25,2026-01-14 22:30,2026-01-14 22:35,2026-01-14 22:40,2026-01-14 22:45,2026-01-14 22:50,2026-01-14 22:55,2026-01-14 23:00,2026-01-14 23:05,2026-01-14 23:10,2026-01-15 06:25,2026-01-15 06:30,2026-01-15 06:35,2026-01-15 06:40,2026-01-15 06:45,2026-01-15 06:50,2026-01-15 06:55,2026-01-15 07:00,2026-01-15 07:05,2026-01-15 07:10,2026-01-15 07:15,2026-01-15 07:20,2026-01-15 07:25,2026-01-15 07:30,2026-01-15 07:35,2026-01-15 07:40,2026-01-15 07:45,2026-01-15 07:50,2026-01-15 07:55,2026-01-15 08:00,2026-01-15 08:05,2026-01-15 08:10,2026-01-15 08:15,2026-01-15 08:20,2026-01-15 08:25,2026-01-15 08:30,2026-01-15 08:35,2026-01-15 08:40,2026-01-15 08:45,2026-01-15 08:50,2026-01-15 08:55,2026-01-15 09:00,2026-01-15 09:05,2026-01-15 09:10,2026-01-15 09:15,2026-01-15 09:20,2026-01-15 09:25,2026-01-15 09:30,2026-01-15 09:35,2026-01-15 09:40,2026-01-15 09:45,2026-01-15 09:50,2026-01-15 09:55,2026-01-15 10:00,2026-01-15 10:05,2026-01-15 10:10,2026-01-15 10:15,2026-01-15 10:20,2026-01-15 10:25,2026-01-15 10:30,2026-01-15 10:35,2026-01-15 10:40,2026-01-15 10:45,2026-01-15 10:50,2026-01-15 10:55,2026-01-15 11:00,2026-01-15 11:05,2026-01-15 11:10,2026-01-15 11:15,2026-01-15 11:20,2026-01-15 11:25,2026-01-15 11:30,2026-01-15 11:35,2026-01-15 11:40,2026-01-15 11:45,2026-01-15 11:50,2026-01-15 11:55,2026-01-15 12:00,2026-01-15 12:05,2026-01-15 12:10,2026-01-15 12:15,2026-01-15 12:20,2026-01-15 12:25,2026-01-15 12:30,2026-01-15 12:35,2026-01-15 12:40,2026-01-15 12:45,2026-01-15 12:50,2026-01-15 12:55,2026-01-15 13:00,2026-01-15 13:05,2026-01-15 13:10,2026-01-15 13:15,2026-01-15 13:20,2026-01-15 13:25,2026-01-15 13:30,2026-01-15 13:35,2026-01-15 13:40,2026-01-15 13:45,2026-01-15 13:50,2026-01-15 13:55,2026-01-15 14:00,2026-01-15 14:05,2026-01-15 14:10,2026-01-15 14:15,2026-01-15 14:20,2026-01-15 14:25,2026-01-15 14:30,2026-01-15 14:35,2026-01-15 14:40,2026-01-15 14:45,2026-01-15 14:50,2026-01-15 14:55,2026-01-15 15:00,2026-01-15 15:05,2026-01-15 15:10,2026-01-15 15:15,2026-01-15 15:20,2026-01-15 15:25,2026-01-15 15:30,2026-01-15 15:35,2026-01-15 15:40,2026-01-15 15:45,2026-01-15 15:50,2026-01-15 15:55,2026-01-15 16:00,2026-01-15 16:05,2026-01-15 16:10,2026-01-15 16:15,2026-01-15 16:20,2026-01-15 16:25,2026-01-15 16:30,2026-01-15 16:35,2026-01-15 16:40,2026-01-15 16:45,2026-01-15 16:50,2026-01-15 16:55,2026-01-15 17:00,2026-01-15 17:05,2026-01-15 17:10,2026-01-15 17:15,2026-01-15 17:20,2026-01-15 17:25,2026-01-15 17:30,2026-01-15 17:35,2026-01-15 17:40,2026-01-15 17:45,2026-01-15 17:50,2026-01-15 17:55,2026-01-15 18:00,2026-01-15 18:05,2026-01-15 18:10,2026-01-15 18:15,2026-01-15 18:20,2026-01-15 18:25,2026-01-15 18:30,2026-01-15 18:35,2026-01-15 18:40,2026-01-15 18:45,2026-01-15 18:50,2026-01-16 06:40,2026-01-16 06:45,2026-01-16 06:50,2026-01-16 06:55,2026-01-16 07:00,2026-01-16 07:05,2026-01-16 07:10,2026-01-16 07:15,2026-01-16 07:20,2026-01-16 07:25,2026-01-16 07:30,2026-01-16 07:35,2026-01-16 07:40,2026-01-16 07:45,2026-01-16 07:50,2026-01-16 07:55,2026-01-16 08:00,2026-01-16 08:05,2026-01-16 08:10,2026-01-16 08:15,2026-01-16 08:20,2026-01-16 08:25,2026-01-16 08:30,2026-01-16 08:35,2026-01-16 08:40,2026-01-16 08:45,2026-01-16 08:50,2026-01-16 08:55,2026-01-16 09:00,2026-01-16 09:05,2026-01-16 09:10,2026-01-16 09:15,2026-01-16 09:20,2026-01-16 09:25,2026-01-16 09:30,2026-01-16 09:35,2026-01-16 09:40,2026-01-16 09:45,2026-01-16 09:50,2026-01-16 09:55,2026-01-16 10:00,2026-01-16 10:05,2026-01-16 10:10,2026-01-16 10:15,2026-01-16 10:20,2026-01-16 10:25,2026-01-16 10:30,2026-01-16 10:35,2026-01-16 10:40,2026-01-16 10:45,2026-01-16 10:50,2026-01-16 10:55,2026-01-16 11:00,2026-01-16 11:05,2026-01-16 11:10,2026-01-16 11:15,2026-01-16 11:20,2026-01-16 11:25,2026-01-16 11:30,2026-01-16 11:35,2026-01-16 11:40,2026-01-16 11:45,2026-01-16 11:50,2026-01-16 11:55,2026-01-16 12:00,2026-01-16 12:05,2026-01-16 12:10,2026-01-16 12:15,2026-01-16 12:20,2026-01-16 12:25,2026-01-16 12:30,2026-01-16 12:35,2026-01-16 12:40,2026-01-16 12:45,2026-01-16 12:50
EUR/BRL - Euro Real Brasileiro,+0.25%,+0.25%,+0.19%,+0.25%,+0.25%,+0.19%,+0.25%,+0.25%,+0.25%,+0.31%,+0.38%,+0.38%,+0.38%,+0.44%,+0.38%,+0.38%,+0.38%,+0.38%,+0.38%,+0.31%,+0.38%,+0.38%,+0.38%,+0.38%,+0.38%,+0.31%,+0.31%,+0.13%,-0.06%,-0.06%,0.00%,+0.01%,0.00%,0.00%,+0.06%,+0.13%,+0.06%,+0.13%,+0.19%,+0.03%,-0.08%,-0.03%,-0.06%,-0.06%,0.00%,0.00%,-0.08%,-0.06%,-0.12%,-0.12%,-0.06%,+0.06%,-0.04%,+0.76%,+0.44%,+0.36%,+0.26%,+0.05%,+0.08%,+0.12%,+0.13%,+0.06%,+0.06%,+0.13%,+0.20%,+0.19%,+0.25%,+0.25%,+0.25%,+0.19%,+0.33%,+0.31%,+0.38%,+0.44%,+0.41%,+0.52%,+0.44%,+0.38%,+0.31%,+0.25%,+0.23%,+0.22%,+0.25%,+0.19%,+0.25%,+0.19%,+0.19%,+0.25%,+0.25%,+0.19%,+0.25%,+0.25%,+0.17%,+0.19%,+0.26%,+0.25%,+0.32%,+0.29%,+0.28%,+0.34%,+0.31%,+0.31%,+0.31%,+0.31%,+0.30%,+0.30%,+0.37%,+0.37%,+0.30%,+0.44%,+0.39%,+0.37%,+0.38%,+0.31%,+0.31%,+0.31%,+0.31%,+0.40%,+0.38%,+0.44%,+0.44%,+0.02%,+0.02%,+0.02%,+0.08%,+0.02%,+0.02%,+0.02%,+0.02%,+0.02%,+0.02%,+0.02%,+0.02%,+0.02%,+0.02%,+0.02%,+0.02%,+0.08%,+0.02%,+0.02%,+0.02%,+0.02%,+0.02%,+0.02%,+0.02%,+0.02%,+0.02%,+0.02%,+0.02%,+0.02%,-0.04%,+0.02%,-0.04%,+0.02%,-0.04%,-0.04%,-0.04%,-0.04%,-0.04%,-0.04%,-0.04%,+0.02%,-0.04%,-0.04%,-0.04%,-0.04%,-0.04%,-0.04%,-0.41%,-0.41%,-0.17%,-0.11%,-0.11%,-0.17%,-0.11%,-0.11%,-0.11%,-0.11%,-0.04%,-0.04%,-0.04%,-0.04%,-0.04%,-0.04%,-0.04%,-0.04%,-0.04%,-0.04%,-0.04%,-0.04%,-0.04%,-0.04%,-0.04%,-0.04%,-0.04%,-0.11%,-0.11%,-0.11%,-0.04%,-0.04%,-0.11%,-0.04%,-0.29%,-0.29%,-0.36%,-0.23%,-0.23%,-0.23%,-0.23%,-0.23%,-0.29%,-0.29%,-0.29%,-0.36%,-0.42%,-0.42%,-0.42%,-0.47%,-0.39%,-0.29%,-0.23%,-0.29%,-0.36%,-0.17%,-0.36%,-0.29%,-0.36%,-0.36%,-0.36%,-0.31%,-0.37%,-0.48%,-0.42%,-0.42%,-0.36%,-0.42%,-0.49%,-0.48%,-0.48%,-0.53%,-0.42%,-0.54%,-0.62%,-0.65%,-0.67%,-0.60%,-0.61%,-0.65%,-0.60%,-0.71%,-0.91%,-0.85%,-0.79%,-0.78%,-0.78%,-0.73%,-0.83%,-0.79%,-0.91%,-0.91%,-0.91%,-0.92%,-0.98%,-1.10%,-0.99%,-0.98%,-0.98%,-0.91%,-0.91%,-0.91%,-0.90%,-0.91%,-0.91%,-0.91%,-0.91%,-0.98%,-0.93%,-0.90%,-0.92%,-0.92%,-0.94%,-0.91%,-0.88%,-0.92%,-0.91%,-0.91%,-0.92%,-0.98%,-0.92%,-0.92%,-0.91%,-0.91%,-0.85%,-0.84%,-0.85%,-0.80%,-0.77%,-0.77%,-0.76%,-0.79%,-0.79%,-0.76%,-0.79%,-0.79%,-0.85%,-0.85%,-0.82%,-0.87%,-0.79%,-0.77%,-0.82%,-0.80%,-0.80%,-0.91%,-0.82%,-0.78%,-0.85%,-0.79%,-0.85%,-0.79%,+0.13%,+0.20%,+0.13%,+0.20%,+0.13%,+0.20%,+0.20%,+0.26%,+0.20%,+0.26%,+0.20%,+0.32%,+0.32%,+0.32%,+0.26%,+0.32%,+0.26%,+0.32%,+0.26%,+0.32%,+0.45%,+0.32%,+0.38%,+0.32%,+0.38%,+0.32%,+0.38%,+0.38%,+0.45%,+0.20%,+0.13%,+0.13%,+0.07%,+0.13%,+0.20%,+0.13%,+0.20%,+0.13%,+0.16%,+0.26%,+0.21%,+0.20%,+0.25%,+0.07%,+0.01%,+0.07%,+0.14%,+0.13%,+0.07%,+0.12%,+0.20%,+0.07%,+0.20%,+0.29%,+0.27%,+0.27%,+0.26%,+0.26%,+0.38%,+0.43%,+0.42%,+0.38%,+0.38%,+0.35%,+0.38%,+0.36%,+0.41%,+0.38%,+0.33%,+0.24%,+0.20%,+0.29%,+0.26%,+0.28%,+0.26%
USD/CNY - Dólar Americano Yuan Chinês,-0.08%,-0.07%,-0.07%,-0.08%,-0.08%,-0.07%,-0.07%,-0.07%,-0.07%,-0.07%,-0.07%,-0.07%,-0.07%,-0.07%,-0.07%,-0.06%,-0.06%,-0.06%,-0.06%,-0.06%,-0.06%,-0.06%,-0.06%,-0.06%,-0.06%,-0.06%,-0.06%,-0.06%,-0.06%,-0.06%,-0.06%,-0.06%,-0.06%,-0.06%,-0.06%,-0.06%,-0.06%,-0.06%,-0.06%,-0.06%,-0.06%,-0.06%,-0.06%,-0.06%,-0.06%,-0.06%,-0.06%,-0.06%,-0.06%,-0.06%,-0.06%,-0.06%,-0.04%,-0.04%,-0.03%,-0.04%,-0.03%,-0.04%,-0.04%,-0.04%,-0.04%,-0.04%,-0.04%,-0.04%,-0.04%,-0.05%,-0.04%,-0.05%,-0.05%,-0.05%,-0.05%,-0.05%,-0.05%,-0.05%,-0.05%,-0.05%,-0.05%,-0.06%,-0.06%,-0.06%,-0.06%,-0.06%,-0.06%,-0.06%,-0.06%,-0.06%,-0.06%,-0.06%,-0.06%,-0.06%,-0.06%,-0.06%,-0.06%,-0.06%,-0.06%,-0.06%,-0.06%,-0.06%,-0.06%,-0.06%,-0.06%,-0.06%,-0.06%,-0.06%,-0.06%,-0.06%,-0.06%,-0.06%,-0.06%,-0.06%,-0.06%,-0.06%,-0.06%,-0.06%,-0.06%,-0.06%,-0.06%,-0.06%,-0.06%,-0.06%,-0.06%,-0.06%,-0.06%,0.00%,-0.06%,0.00%,0.00%,0.00%,0.00%,0.00%,0.00%,0.00%,0.00%,0.00%,0.00%,0.00%,0.00%,0.00%,0.00%,0.00%,0.00%,0.00%,0.00%,0.00%,0.00%,0.00%,0.00%,0.00%,0.00%,0.00%,0.00%,0.00%,0.00%,0.00%,0.00%,0.00%,0.00%,0.00%,0.00%,0.00%,0.00%,0.00%,0.00%,0.00%,0.00%,0.00%,0.00%,-0.06%,-0.07%,-0.06%,-0.06%,-0.06%,-0.06%,-0.06%,-0.06%,-0.07%,-0.07%,-0.08%,-0.08%,-0.08%,-0.08%,-0.08%,-0.08%,-0.08%,-0.08%,-0.08%,-0.08%,-0.08%,-0.08%,-0.08%,-0.08%,-0.08%,-0.08%,-0.08%,-0.08%,-0.08%,-0.08%,-0.08%,-0.08%,-0.08%,-0.08%,-0.08%,-0.08%,-0.08%,-0.08%,-0.08%,-0.08%,-0.08%,-0.08%,-0.08%,-0.08%,-0.08%,-0.08%,-0.08%,-0.08%,-0.08%,-0.08%,-0.08%,-0.08%,-0.08%,-0.08%,-0.10%,-0.09%,-0.10%,-0.09%,-0.09%,-0.09%,-0.09%,-0.08%,-0.08%,-0.08%,-0.08%,-0.08%,-0.09%,-0.08%,-0.08%,-0.08%,-0.08%,-0.08%,-0.08%,-0.08%,-0.08%,-0.08%,-0.09%,-0.08%,-0.09%,-0.09%,-0.09%,-0.09%,-0.09%,-0.09%,-0.09%,-0.09%,-0.09%,-0.09%,-0.09%,-0.09%,-0.09%,-0.09%,-0.09%,-0.09%,-0.09%,-0.09%,-0.09%,-0.09%,-0.09%,-0.09%,-0.09%,-0.09%,-0.09%,-0.09%,-0.09%,-0.09%,-0.09%,-0.09%,-0.09%,-0.09%,-0.09%,-0.09%,-0.09%,-0.09%,-0.09%,-0.09%,-0.09%,-0.09%,-0.09%,-0.09%,-0.09%,-0.09%,-0.09%,-0.09%,-0.09%,-0.09%,-0.09%,-0.09%,-0.09%,-0.09%,-0.09%,-0.09%,-0.09%,-0.09%,-0.09%,-0.09%,-0.09%,-0.09%,-0.09%,-0.09%,-0.09%,-0.09%,-0.09%,-0.09%,-0.09%,-0.09%,-0.09%,-0.09%,-0.09%,-0.09%,-0.09%,-0.09%,-0.09%,+0.03%,+0.02%,+0.02%,+0.03%,+0.02%,+0.05%,+0.05%,+0.03%,+0.05%,+0.06%,+0.06%,+0.05%,+0.05%,+0.05%,+0.05%,+0.05%,+0.05%,+0.05%,+0.05%,+0.05%,+0.05%,+0.05%,+0.05%,+0.05%,+0.05%,+0.05%,+0.05%,+0.05%,+0.05%,+0.05%,+0.05%,+0.05%,+0.05%,+0.05%,+0.05%,+0.05%,+0.05%,+0.05%,+0.05%,+0.05%,+0.05%,+0.05%,+0.05%,+0.06%,+0.05%,+0.05%,+0.05%,+0.05%,+0.06%,+0.06%,+0.06%,+0.05%,+0.05%,+0.05%,+0.05%,+0.05%,+0.05%,+0.05%,+0.05%,+0.05%,+0.05%,+0.05%,+0.05%,+0.05%,+0.05%,+0.05%,+0.05%,+0.05%,+0.05%,+0.05%,+0.04%,+0.05%,+0.04%,+0.04%,+0.04%
USD/KRW - Dólar Americano Won Sul-Coreano,+0.14%,+0.14%,+0.14%,+0.14%,+0.14%,+0.14%,+0.14%,+0.14%,+0.14%,+0.14%,+0.14%,+0.14%,+0.14%,+0.14%,+0.14%,+0.14%,+0.14%,+0.14%,+0.14%,+0.14%,+0.14%,+0.14%,+0.14%,+0.14%,+0.14%,+0.14%,+0.14%,+0.14%,+0.14%,+0.14%,+0.14%,+0.14%,+0.14%,+0.14%,+0.14%,+0.14%,+0.14%,+0.14%,+0.14%,+0.14%,+0.14%,+0.14%,+0.14%,+0.14%,+0.14%,+0.14%,+0.14%,+0.14%,+0.14%,+0.14%,+0.14%,+0.14%,+0.14%,+0.14%,+0.14%,+0.14%,+0.14%,+0.14%,+0.14%,+0.14%,+0.14%,+0.14%,+0.14%,+0.14%,+0.14%,+0.14%,+0.14%,+0.14%,+0.14%,+0.14%,+0.14%,+0.14%,+0.14%,+0.14%,+0.14%,+0.14%,+0.14%,+0.14%,+0.14%,+0.14%,+0.14%,+0.14%,+0.14%,+0.14%,+0.14%,+0.14%,+0.14%,+0.14%,+0.14%,+0.14%,+0.14%,+0.14%,+0.14%,+0.14%,+0.14%,+0.14%,+0.14%,+0.14%,+0.14%,+0.14%,+0.14%,+0.14%,+0.14%,+0.14%,+0.14%,+0.14%,+0.14%,+0.14%,+0.14%,+0.14%,+0.14%,+0.14%,+0.14%,+0.14%,+0.14%,+0.14%,+0.14%,+0.14%,+0.14%,+0.14%,+0.14%,+0.14%,+0.14%,+0.14%,+0.14%,+0.14%,+0.14%,+0.14%,+0.14%,+0.14%,+0.14%,+0.14%,+0.14%,+0.14%,+0.14%,+0.14%,+0.14%,+0.14%,+0.14%,+0.14%,+0.14%,+0.14%,+0.14%,+0.14%,-0.78%,-0.74%,-0.66%,-0.78%,-0.61%,-0.62%,-0.60%,-0.59%,-0.61%,-0.63%,-0.62%,-0.62%,-0.61%,-0.63%,-0.62%,-0.53%,-0.55%,-0.62%,-0.55%,-0.47%,-0.51%,-0.48%,-0.53%,-0.51%,-0.48%,-0.45%,-0.27%,-0.27%,-0.27%,-0.27%,-0.27%,-0.27%,-0.27%,-0.27%,-0.27%,-0.27%,-0.27%,-0.27%,-0.27%,-0.27%,-0.27%,-0.27%,-0.27%,-0.27%,-0.27%,-0.27%,-0.27%,-0.27%,-0.27%,-0.27%,-0.27%,-0.27%,-0.27%,-0.27%,-0.27%,-0.27%,-0.27%,-0.27%,-0.27%,-0.27%,-0.27%,-0.27%,-0.27%,-0.27%,-0.27%,-0.27%,-0.27%,-0.27%,-0.27%,-0.27%,-0.27%,-0.27%,-0.27%,-0.27%,-0.27%,-0.27%,-0.27%,-0.27%,-0.27%,-0.27%,-0.27%,-0.27%,-0.27%,-0.27%,-0.27%,-0.27%,-0.27%,-0.27%,-0.27%,-0.27%,-0.27%,-0.27%,-0.27%,-0.27%,-0.27%,-0.27%,-0.27%,-0.27%,-0.27%,-0.27%,-0.27%,-0.27%,-0.27%,-0.27%,-0.27%,-0.27%,-0.27%,-0.27%,-0.27%,-0.27%,-0.27%,-0.27%,-0.27%,-0.27%,-0.27%,-0.27%,-0.27%,-0.27%,-0.27%,-0.27%,-0.27%,-0.27%,-0.27%,-0.27%,-0.27%,-0.27%,-0.27%,-0.27%,-0.27%,-0.27%,-0.27%,-0.27%,-0.27%,-0.27%,-0.27%,-0.27%,-0.27%,-0.27%,-0.27%,-0.27%,-0.27%,-0.27%,-0.27%,-0.27%,-0.27%,-0.27%,-0.27%,-0.27%,-0.27%,-0.27%,-0.27%,-0.27%,-0.27%,-0.27%,-0.27%,-0.27%,-0.27%,-0.27%,-0.27%,-0.27%,-0.27%,-0.27%,-0.27%,-0.27%,-0.27%,-0.27%,-0.27%,-0.27%,-0.27%,-0.27%,-0.27%,-0.27%,-0.27%,-0.27%,-0.27%,-0.27%,+0.06%,+0.06%,+0.06%,+0.06%,+0.06%,+0.06%,+0.06%,+0.06%,+0.06%,+0.06%,+0.06%,+0.06%,+0.06%,+0.06%,+0.06%,+0.06%,+0.06%,+0.06%,+0.06%,+0.06%,+0.06%,+0.06%,+0.06%,+0.06%,+0.06%,+0.06%,+0.06%,+0.06%,+0.06%,+0.06%,+0.06%,+0.06%,+0.06%,+0.06%,+0.06%,+0.06%,+0.06%,+0.06%,+0.06%,+0.06%,+0.06%,+0.06%,+0.06%,+0.06%,+0.06%,+0.06%,+0.06%,+0.06%,+0.06%,+0.06%,+0.06%,+0.06%,+0.06%,+0.06%,+0.06%,+0.06%,+0.06%,+0.06%,+0.06%,+0.06%,+0.06%,+0.06%,+0.06%,+0.06%,+0.06%,+0.06%,+0.06%,+0.06%,+0.06%,+0.06%,+0.06%,+0.06%,+0.06%,+0.06%,+0.06%
USD/AUD - Dólar Americano Dólar Australiano,-0.19%,-0.21%,-0.22%,-0.19%,-0.16%,-0.15%,-0.18%,-0.17%,-0.16%,-0.15%,-0.13%,-0.08%,-0.15%,-0.06%,-0.07%,-0.04%,-0.02%,-0.06%,-0.03%,+0.01%,0.00%,+0.02%,0.00%,-0.01%,-0.01%,-0.01%,0.00%,-0.01%,0.00%,-0.01%,-0.01%,-0.01%,-0.03%,-0.01%,0.00%,+0.02%,+0.01%,+0.02%,0.00%,0.00%,-0.03%,+0.01%,+0.05%,+0.05%,+0.05%,+0.06%,+0.06%,+0.03%,+0.02%,+0.03%,+0.03%,+0.02%,+0.03%,-0.06%,+0.03%,-0.07%,-0.01%,-0.02%,-0.07%,-0.06%,-0.04%,-0.02%,-0.06%,-0.06%,+0.02%,-0.09%,-0.08%,-0.07%,-0.03%,+0.04%,+0.03%,+0.01%,+0.03%,+0.07%,-0.04%,+0.01%,+0.07%,-0.04%,-0.04%,-0.05%,-0.05%,-0.08%,-0.06%,-0.06%,-0.08%,+0.06%,+0.04%,+0.05%,+0.06%,+0.04%,+0.06%,+0.05%,+0.05%,+0.05%,+0.08%,+0.05%,+0.06%,+0.08%,+0.09%,+0.10%,+0.11%,+0.09%,+0.10%,+0.10%,+0.08%,+0.06%,+0.06%,+0.11%,+0.09%,+0.11%,-0.02%,-0.02%,-0.04%,-0.05%,-0.02%,-0.05%,-0.05%,-0.05%,-0.05%,-0.04%,-0.06%,-0.06%,-0.03%,+0.02%,+0.02%,+0.02%,+0.01%,+0.01%,+0.01%,-0.01%,+0.01%,-0.01%,-0.01%,+0.03%,-0.01%,+0.03%,+0.08%,+0.08%,+0.05%,+0.05%,+0.04%,+0.01%,+0.01%,+0.04%,+0.02%,+0.03%,+0.02%,-0.02%,+0.03%,-0.02%,-0.02%,0.00%,0.00%,-0.04%,-0.02%,-0.04%,-0.04%,-0.04%,-0.01%,-0.01%,-0.01%,-0.02%,+0.06%,-0.02%,+0.04%,+0.04%,+0.06%,+0.01%,+0.04%,+0.06%,-0.19%,-0.18%,-0.19%,-0.18%,-0.19%,-0.24%,-0.23%,-0.20%,-0.20%,-0.18%,-0.22%,-0.23%,-0.22%,-0.23%,-0.21%,-0.24%,-0.28%,-0.24%,-0.25%,-0.25%,-0.24%,-0.25%,-0.24%,-0.23%,-0.23%,-0.25%,-0.24%,-0.24%,-0.22%,-0.22%,-0.22%,-0.22%,-0.22%,-0.21%,-0.22%,-0.20%,-0.20%,-0.19%,-0.20%,-0.19%,-0.16%,-0.12%,-0.14%,-0.12%,-0.16%,-0.05%,-0.07%,-0.05%,-0.03%,-0.02%,-0.03%,-0.02%,+0.03%,+0.02%,+0.02%,+0.02%,+0.10%,+0.10%,+0.06%,+0.06%,-0.05%,-0.02%,-0.07%,0.00%,+0.06%,+0.02%,+0.06%,-0.02%,-0.06%,-0.15%,-0.15%,-0.11%,-0.15%,-0.06%,-0.11%,-0.06%,-0.06%,-0.18%,-0.14%,-0.23%,-0.18%,-0.25%,-0.31%,-0.25%,-0.31%,-0.37%,-0.34%,-0.34%,-0.39%,-0.31%,-0.32%,-0.31%,-0.31%,-0.31%,-0.31%,-0.37%,-0.37%,-0.36%,-0.37%,-0.35%,-0.35%,-0.38%,-0.38%,-0.30%,-0.33%,-0.33%,-0.30%,-0.37%,-0.35%,-0.36%,-0.37%,-0.35%,-0.37%,-0.36%,-0.37%,-0.35%,-0.34%,-0.32%,-0.34%,-0.34%,-0.35%,-0.32%,-0.30%,-0.33%,-0.29%,-0.33%,-0.29%,-0.29%,-0.29%,-0.28%,-0.26%,-0.28%,-0.23%,-0.21%,-0.22%,-0.24%,-0.21%,-0.21%,-0.22%,-0.23%,-0.24%,-0.23%,-0.23%,-0.22%,-0.23%,-0.25%,-0.26%,-0.25%,-0.26%,-0.27%,-0.03%,-0.03%,-0.05%,-0.04%,-0.03%,-0.04%,-0.07%,-0.05%,-0.05%,-0.07%,-0.03%,-0.11%,-0.13%,-0.14%,-0.11%,-0.13%,-0.09%,-0.10%,-0.10%,-0.14%,-0.10%,-0.13%,-0.12%,-0.12%,-0.12%,-0.11%,-0.11%,-0.12%,-0.10%,-0.10%,-0.06%,-0.10%,-0.10%,-0.10%,-0.10%,-0.10%,-0.05%,-0.05%,-0.06%,-0.01%,-0.02%,+0.00%,-0.05%,-0.01%,-0.02%,+0.06%,+0.04%,+0.02%,+0.02%,+0.07%,+0.12%,+0.08%,+0.08%,+0.07%,+0.07%,+0.07%,+0.11%,+0.08%,+0.10%,+0.16%,+0.16%,+0.14%,+0.14%,+0.14%,+0.11%,+0.19%,+0.08%,+0.19%,+0.07%,+0.19%,+0.23%,+0.07%,+0.35%,+0.41%,+0.35%
USD/NZD - Dólar Americano Dólar Neozelandês,-0.18%,-0.19%,-0.20%,-0.15%,-0.15%,-0.15%,-0.16%,-0.15%,-0.15%,-0.16%,-0.15%,-0.12%,-0.15%,-0.12%,-0.10%,-0.13%,-0.07%,-0.07%,-0.07%,-0.04%,-0.05%,-0.04%,-0.05%,-0.06%,-0.04%,-0.08%,-0.06%,-0.12%,-0.12%,-0.12%,-0.08%,-0.09%,-0.08%,-0.09%,-0.09%,-0.10%,-0.01%,-0.01%,-0.07%,-0.10%,-0.06%,-0.04%,-0.06%,-0.07%,-0.07%,-0.07%,-0.08%,-0.07%,-0.08%,-0.07%,-0.04%,-0.08%,-0.17%,-0.17%,-0.08%,-0.22%,-0.23%,-0.23%,-0.23%,-0.23%,-0.23%,-0.18%,-0.22%,-0.19%,-0.19%,-0.19%,-0.29%,-0.29%,-0.29%,-0.17%,-0.20%,-0.23%,-0.23%,-0.21%,-0.21%,-0.29%,-0.31%,-0.28%,-0.30%,-0.31%,-0.31%,-0.30%,-0.29%,-0.28%,-0.29%,-0.17%,-0.28%,-0.17%,-0.23%,-0.22%,-0.22%,-0.21%,-0.22%,-0.19%,-0.17%,-0.15%,-0.14%,-0.15%,-0.13%,-0.10%,-0.12%,-0.11%,-0.10%,-0.09%,-0.10%,-0.15%,-0.09%,-0.11%,-0.15%,-0.10%,-0.14%,-0.20%,-0.20%,-0.16%,-0.21%,-0.18%,-0.21%,-0.23%,-0.21%,-0.22%,-0.22%,-0.22%,-0.07%,-0.02%,-0.06%,-0.05%,-0.07%,-0.05%,-0.05%,-0.01%,-0.01%,+0.06%,+0.01%,+0.01%,+0.06%,+0.06%,+0.15%,+0.15%,+0.08%,+0.11%,+0.08%,+0.13%,+0.12%,+0.07%,+0.11%,+0.11%,+0.12%,+0.08%,+0.05%,+0.12%,+0.08%,+0.05%,+0.12%,+0.12%,+0.10%,+0.10%,+0.10%,+0.09%,+0.10%,+0.11%,+0.10%,+0.09%,+0.10%,+0.19%,+0.19%,+0.17%,+0.18%,+0.17%,+0.18%,+0.18%,+0.02%,+0.01%,+0.01%,-0.01%,+0.01%,-0.04%,-0.05%,-0.03%,-0.02%,-0.05%,-0.05%,-0.06%,-0.03%,-0.04%,-0.04%,-0.04%,-0.06%,-0.04%,-0.05%,-0.02%,-0.06%,-0.03%,-0.03%,-0.01%,+0.01%,+0.01%,-0.01%,-0.01%,+0.01%,+0.02%,+0.02%,+0.04%,+0.03%,+0.03%,+0.03%,+0.05%,+0.06%,+0.05%,+0.07%,+0.01%,+0.03%,+0.03%,+0.05%,+0.01%,+0.05%,+0.14%,+0.05%,+0.16%,+0.14%,+0.15%,+0.23%,+0.16%,+0.30%,+0.27%,+0.33%,+0.35%,+0.29%,+0.36%,+0.25%,+0.25%,+0.21%,+0.25%,+0.23%,+0.25%,+0.25%,+0.28%,+0.31%,+0.29%,+0.20%,+0.16%,+0.19%,+0.19%,+0.16%,+0.19%,+0.22%,+0.27%,+0.22%,+0.22%,+0.20%,+0.20%,+0.11%,+0.14%,+0.12%,+0.14%,+0.06%,+0.04%,+0.10%,+0.10%,+0.04%,+0.10%,+0.09%,+0.11%,+0.08%,+0.09%,+0.05%,+0.05%,+0.10%,+0.10%,+0.05%,+0.10%,+0.09%,+0.05%,+0.10%,+0.06%,+0.10%,+0.09%,+0.03%,+0.09%,+0.06%,+0.03%,+0.05%,+0.03%,+0.07%,+0.04%,+0.06%,+0.08%,+0.08%,+0.09%,+0.06%,+0.09%,+0.03%,+0.09%,+0.08%,+0.08%,+0.03%,+0.10%,+0.10%,+0.10%,+0.10%,+0.10%,+0.11%,+0.16%,+0.16%,+0.11%,+0.16%,+0.17%,+0.18%,+0.18%,+0.18%,+0.19%,+0.18%,+0.18%,+0.19%,+0.18%,+0.17%,+0.17%,+0.16%,+0.13%,+0.16%,+0.13%,-0.31%,-0.32%,-0.30%,-0.30%,-0.31%,-0.30%,-0.28%,-0.29%,-0.28%,-0.26%,-0.28%,-0.30%,-0.34%,-0.26%,-0.38%,-0.34%,-0.31%,-0.34%,-0.31%,-0.36%,-0.34%,-0.41%,-0.40%,-0.40%,-0.40%,-0.40%,-0.40%,-0.40%,-0.39%,-0.42%,-0.35%,-0.39%,-0.37%,-0.35%,-0.30%,-0.29%,-0.37%,-0.30%,-0.33%,-0.33%,-0.28%,-0.30%,-0.30%,-0.27%,-0.30%,-0.23%,-0.24%,-0.27%,-0.24%,-0.24%,-0.27%,-0.24%,-0.26%,-0.22%,-0.26%,-0.27%,-0.25%,-0.27%,-0.22%,-0.27%,-0.19%,-0.20%,-0.17%,-0.25%,-0.19%,-0.19%,-0.28%,-0.27%,-0.30%,-0.22%,-0.27%,-0.15%,-0.11%,-0.01%,-0.01%
USD/NOK - Dólar Americano Coroa Norueguesa,+0.06%,-0.02%,-0.02%,-0.04%,-0.03%,-0.04%,-0.07%,-0.10%,-0.10%,-0.13%,-0.12%,-0.13%,-0.13%,-0.17%,-0.16%,-0.16%,-0.16%,-0.21%,-0.14%,-0.21%,-0.11%,-0.12%,-0.18%,-0.12%,-0.18%,-0.18%,-0.16%,-0.18%,-0.22%,-0.20%,-0.20%,-0.21%,-0.18%,-0.15%,-0.15%,-0.15%,-0.10%,-0.08%,-0.20%,-0.15%,-0.17%,-0.21%,-0.16%,-0.17%,-0.17%,-0.11%,-0.16%,-0.11%,-0.20%,-0.15%,-0.19%,-0.14%,-0.20%,-0.26%,-0.19%,-0.20%,-0.20%,-0.28%,-0.28%,-0.37%,-0.42%,-0.42%,-0.38%,-0.38%,-0.35%,-0.37%,-0.37%,-0.36%,-0.36%,-0.32%,-0.34%,-0.34%,-0.34%,-0.35%,-0.35%,-0.39%,-0.39%,-0.42%,-0.40%,-0.39%,-0.42%,-0.37%,-0.38%,-0.37%,-0.32%,-0.39%,-0.39%,-0.37%,-0.37%,-0.38%,-0.37%,-0.37%,-0.35%,-0.34%,-0.31%,-0.35%,-0.31%,-0.30%,-0.28%,-0.30%,-0.27%,-0.28%,-0.26%,-0.26%,-0.24%,-0.26%,-0.24%,-0.26%,-0.24%,-0.24%,-0.24%,-0.17%,-0.19%,-0.20%,-0.18%,-0.21%,-0.18%,-0.21%,-0.21%,-0.21%,-0.24%,-0.03%,+0.06%,-0.03%,-0.03%,+0.08%,+0.08%,+0.06%,+0.06%,+0.06%,+0.06%,+0.05%,+0.01%,+0.04%,+0.05%,+0.08%,+0.01%,+0.09%,+0.10%,+0.08%,+0.12%,+0.11%,+0.10%,+0.12%,+0.11%,+0.10%,+0.11%,+0.11%,+0.11%,+0.11%,+0.11%,+0.14%,+0.10%,+0.14%,+0.12%,+0.13%,+0.10%,+0.13%,+0.13%,+0.13%,+0.13%,+0.13%,+0.15%,+0.15%,+0.18%,+0.15%,+0.15%,+0.16%,+0.18%,+0.18%,+0.31%,+0.31%,+0.30%,+0.26%,+0.24%,+0.24%,+0.27%,+0.26%,+0.31%,+0.29%,+0.28%,+0.29%,+0.29%,+0.28%,+0.23%,+0.24%,+0.20%,+0.25%,+0.23%,+0.23%,+0.21%,+0.21%,+0.22%,+0.24%,+0.23%,+0.21%,+0.21%,+0.23%,+0.23%,+0.23%,+0.24%,+0.24%,+0.20%,+0.18%,+0.18%,+0.17%,+0.17%,+0.20%,+0.19%,+0.17%,+0.29%,+0.33%,+0.34%,+0.35%,+0.33%,+0.40%,+0.34%,+0.37%,+0.37%,+0.36%,+0.37%,+0.49%,+0.49%,+0.53%,+0.58%,+0.57%,+0.56%,+0.55%,+0.55%,+0.50%,+0.50%,+0.48%,+0.54%,+0.45%,+0.73%,+0.71%,+0.76%,+0.72%,+0.72%,+0.70%,+0.75%,+0.70%,+0.73%,+0.75%,+0.79%,+0.73%,+0.78%,+0.66%,+0.65%,+0.65%,+0.65%,+0.64%,+0.64%,+0.57%,+0.57%,+0.60%,+0.62%,+0.62%,+0.61%,+0.62%,+0.66%,+0.63%,+0.69%,+0.69%,+0.64%,+0.66%,+0.66%,+0.65%,+0.63%,+0.67%,+0.62%,+0.63%,+0.63%,+0.67%,+0.66%,+0.63%,+0.60%,+0.67%,+0.60%,+0.61%,+0.61%,+0.61%,+0.61%,+0.61%,+0.59%,+0.62%,+0.61%,+0.61%,+0.61%,+0.62%,+0.57%,+0.56%,+0.59%,+0.57%,+0.61%,+0.57%,+0.61%,+0.62%,+0.61%,+0.62%,+0.62%,+0.62%,+0.69%,+0.68%,+0.68%,+0.69%,+0.69%,+0.69%,+0.68%,+0.69%,+0.70%,+0.68%,+0.71%,+0.70%,+0.68%,+0.71%,+0.64%,+0.64%,+0.66%,+0.64%,+0.05%,+0.04%,+0.05%,+0.04%,+0.07%,+0.04%,+0.05%,-0.01%,+0.02%,0.00%,+0.06%,-0.08%,-0.08%,-0.04%,-0.08%,-0.10%,-0.11%,-0.12%,-0.10%,-0.13%,-0.19%,-0.10%,-0.19%,-0.19%,-0.14%,-0.12%,-0.14%,-0.11%,-0.11%,-0.12%,-0.10%,-0.13%,-0.12%,-0.11%,-0.11%,-0.10%,-0.11%,-0.11%,-0.11%,-0.10%,-0.08%,-0.14%,-0.08%,-0.02%,-0.01%,-0.01%,-0.01%,-0.01%,-0.03%,-0.02%,-0.03%,-0.05%,-0.06%,-0.04%,-0.02%,-0.03%,-0.04%,-0.03%,-0.03%,-0.01%,-0.03%,+0.01%,+0.01%,-0.01%,+0.04%,+0.01%,+0.00%,-0.10%,-0.11%,+0.01%,+0.01%,+0.05%,+0.11%,+0.19%,+0.13%
USD/MXN - Dólar Americano Peso Mexicano,-0.06%,-0.06%,-0.06%,-0.06%,-0.04%,-0.04%,-0.04%,-0.02%,-0.02%,-0.02%,-0.01%,-0.01%,+0.02%,-0.01%,+0.01%,+0.00%,-0.01%,-0.01%,0.00%,-0.03%,-0.01%,-0.02%,-0.03%,-0.02%,-0.02%,-0.08%,-0.10%,-0.10%,-0.10%,-0.06%,-0.08%,-0.08%,-0.09%,-0.09%,-0.02%,-0.02%,-0.02%,0.00%,0.00%,-0.01%,-0.07%,-0.07%,-0.07%,-0.04%,-0.04%,-0.07%,-0.04%,-0.04%,-0.07%,-0.06%,-0.06%,-0.04%,-0.08%,-0.02%,+0.00%,-0.02%,0.00%,-0.04%,-0.05%,-0.07%,-0.08%,-0.08%,-0.09%,-0.04%,-0.03%,-0.08%,-0.14%,-0.09%,-0.08%,-0.07%,-0.08%,-0.07%,-0.09%,-0.06%,-0.01%,-0.12%,-0.13%,-0.09%,-0.07%,-0.07%,-0.07%,-0.06%,-0.07%,-0.07%,-0.04%,-0.09%,-0.06%,-0.09%,-0.04%,-0.05%,-0.06%,-0.05%,-0.05%,-0.07%,-0.05%,-0.03%,-0.02%,-0.03%,-0.05%,-0.03%,-0.01%,-0.01%,+0.01%,-0.01%,+0.01%,-0.01%,+0.01%,+0.01%,+0.02%,+0.04%,-0.06%,-0.10%,-0.11%,-0.11%,-0.10%,-0.12%,-0.10%,-0.11%,-0.11%,-0.15%,-0.17%,+0.06%,+0.06%,+0.03%,+0.03%,+0.02%,+0.00%,+0.03%,+0.02%,+0.03%,+0.02%,+0.03%,+0.11%,+0.08%,+0.08%,+0.07%,+0.09%,+0.07%,+0.07%,+0.10%,+0.07%,+0.09%,+0.10%,+0.10%,+0.09%,+0.10%,+0.09%,+0.09%,+0.10%,+0.08%,+0.08%,+0.10%,+0.11%,+0.08%,+0.10%,+0.11%,+0.11%,+0.10%,+0.08%,+0.08%,+0.08%,+0.08%,+0.12%,+0.11%,+0.10%,+0.08%,+0.10%,+0.09%,+0.06%,+0.08%,+0.14%,+0.14%,+0.14%,+0.11%,+0.09%,+0.14%,+0.00%,+0.02%,+0.02%,+0.13%,+0.13%,+0.12%,+0.02%,+0.09%,+0.05%,+0.05%,-0.01%,+0.02%,-0.01%,+0.03%,+0.03%,+0.05%,+0.03%,+0.05%,+0.03%,+0.03%,+0.03%,0.00%,-0.01%,+0.00%,-0.04%,-0.03%,-0.10%,-0.06%,-0.08%,-0.06%,-0.06%,-0.05%,-0.04%,-0.02%,-0.01%,-0.02%,+0.03%,0.00%,+0.03%,+0.05%,+0.05%,+0.08%,+0.11%,+0.12%,+0.12%,+0.12%,+0.16%,+0.20%,+0.26%,+0.27%,+0.27%,+0.28%,+0.12%,+0.11%,+0.11%,+0.12%,+0.05%,+0.12%,+0.14%,+0.09%,+0.08%,+0.10%,0.00%,+0.10%,-0.10%,-0.04%,-0.12%,-0.20%,-0.20%,-0.25%,-0.33%,-0.30%,-0.48%,-0.41%,-0.61%,-0.48%,-0.65%,-0.61%,-0.53%,-0.55%,-0.51%,-0.51%,-0.56%,-0.69%,-0.72%,-0.67%,-0.69%,-0.71%,-0.67%,-0.69%,-0.72%,-0.70%,-0.71%,-0.67%,-0.69%,-0.70%,-0.68%,-0.69%,-0.69%,-0.83%,-0.90%,-0.83%,-0.83%,-0.81%,-0.81%,-0.82%,-0.86%,-0.89%,-0.81%,-0.80%,-0.81%,-0.82%,-0.83%,-0.81%,-0.81%,-0.82%,-0.81%,-0.82%,-0.82%,-0.72%,-0.71%,-0.74%,-0.77%,-0.77%,-0.75%,-0.75%,-0.73%,-0.73%,-0.69%,-0.70%,-0.68%,-0.70%,-0.69%,-0.68%,-0.68%,-0.68%,-0.70%,-0.68%,-0.70%,-0.68%,-0.72%,-0.72%,-0.72%,-0.70%,+0.09%,+0.09%,+0.09%,+0.13%,+0.09%,+0.13%,+0.13%,+0.12%,+0.11%,+0.09%,+0.05%,+0.11%,+0.05%,+0.05%,+0.05%,+0.07%,+0.07%,+0.06%,+0.04%,+0.02%,+0.07%,+0.01%,+0.01%,+0.02%,+0.07%,+0.05%,+0.14%,+0.13%,+0.14%,+0.14%,+0.14%,+0.13%,+0.12%,+0.12%,+0.14%,+0.18%,+0.18%,+0.18%,+0.17%,+0.21%,+0.24%,+0.14%,+0.18%,+0.22%,+0.18%,+0.20%,+0.17%,+0.27%,+0.26%,+0.21%,+0.26%,+0.22%,+0.21%,+0.30%,+0.28%,+0.33%,+0.29%,+0.37%,+0.32%,+0.44%,+0.44%,+0.40%,+0.37%,+0.37%,+0.45%,+0.45%,+0.36%,+0.34%,+0.41%,+0.37%,+0.37%,+0.38%,+0.44%,+0.39%,+0.42%
S&P 500 VIX Futuros,+0.31%,+0.79%,+0.79%,+0.73%,+0.79%,+0.73%,+1.39%,+1.63%,+2.54%,+2.54%,+3.20%,+3.14%,+3.14%,+3.50%,+3.20%,+3.50%,+3.14%,+3.50%,+3.20%,+3.14%,+3.14%,+3.14%,+3.50%,+3.74%,+3.74%,+3.44%,+3.44%,+3.44%,+3.80%,+4.04%,+3.50%,+3.50%,+3.50%,+2.90%,+2.84%,+3.14%,+3.14%,+3.50%,+3.74%,+3.74%,+4.10%,+3.74%,+3.74%,+3.80%,+3.74%,+3.44%,+3.80%,+3.50%,+3.74%,+4.34%,+4.04%,+4.04%,+4.34%,+4.04%,+4.34%,+4.40%,+4.40%,+4.10%,+5.01%,+5.91%,+5.91%,+6.75%,+6.75%,+6.81%,+6.75%,+7.66%,+4.70%,+4.94%,+6.45%,+5.25%,+7.05%,+6.81%,+8.26%,+8.26%,+6.81%,+7.66%,+7.96%,+8.02%,+7.66%,+8.02%,+7.66%,+7.66%,+5.31%,+5.31%,+8.02%,+5.91%,+8.62%,+8.32%,+7.72%,+7.11%,+6.81%,+7.66%,+7.35%,+7.35%,+7.35%,+7.96%,+7.11%,+7.11%,+7.96%,+7.05%,+6.75%,+6.75%,+7.05%,+6.75%,+7.05%,+6.81%,+6.81%,+8.56%,+7.05%,+7.05%,+4.34%,+3.50%,+3.50%,+4.34%,+5.01%,+4.10%,+4.10%,+4.40%,+4.70%,+4.70%,+4.40%,+5.31%,+5.31%,+4.88%,+5.31%,+4.88%,+4.88%,+4.88%,+4.88%,+4.88%,+4.88%,+4.88%,+0.11%,0.00%,+4.88%,+4.88%,-0.29%,-0.29%,-0.57%,-0.29%,-0.86%,-0.86%,-0.86%,-0.86%,+0.31%,+0.31%,+0.25%,+0.25%,+0.31%,-0.57%,+0.36%,+0.25%,-0.57%,+0.65%,-0.57%,-0.57%,-1.14%,-1.14%,-1.14%,-1.14%,-1.14%,-1.14%,-0.57%,-0.86%,-0.57%,-1.43%,-1.43%,-0.86%,-1.43%,-1.43%,-2.12%,-2.41%,-2.70%,-2.07%,-2.70%,-2.70%,-2.64%,-2.99%,-2.53%,-2.70%,-2.70%,-2.53%,-2.82%,-2.70%,-2.59%,-2.64%,-2.64%,-2.64%,-2.82%,-2.59%,-2.64%,-2.53%,-2.82%,-2.53%,-2.82%,-2.53%,-2.53%,-2.82%,-2.70%,-2.99%,-2.70%,-2.70%,-2.70%,-2.64%,-2.70%,-2.70%,-2.70%,-2.76%,-2.76%,-2.82%,-2.64%,-2.64%,-2.64%,-2.99%,-3.51%,-3.51%,-3.51%,-3.51%,-3.51%,-3.51%,-3.57%,-3.57%,-3.86%,-3.80%,-4.09%,-3.86%,-3.86%,-4.09%,-3.86%,-4.03%,-4.09%,-3.97%,-4.67%,-4.96%,-4.67%,-5.54%,-4.96%,-5.02%,-5.02%,-5.02%,-5.83%,-5.88%,-5.88%,-5.83%,-5.54%,-5.54%,-5.59%,-5.54%,-4.67%,-5.30%,-4.67%,-4.67%,-5.83%,-5.54%,-5.83%,-5.83%,-5.83%,-5.83%,-5.88%,-5.88%,-5.88%,-6.17%,-6.17%,-6.11%,-6.40%,-6.17%,-6.17%,-6.17%,-6.11%,-6.11%,-6.46%,-6.17%,-6.75%,-6.40%,-6.75%,-6.69%,-6.75%,-6.40%,-6.69%,-6.11%,-6.23%,-6.11%,-6.40%,-6.40%,-6.40%,-6.58%,-6.11%,-6.29%,-6.46%,-6.75%,-6.11%,-6.40%,-6.75%,-6.11%,-6.46%,-6.11%,-6.46%,-6.40%,-5.83%,-5.88%,-5.88%,-5.88%,-4.96%,-4.44%,-4.96%,-4.44%,-4.38%,-4.38%,-4.15%,-4.09%,-4.09%,-4.67%,-4.67%,-4.67%,-4.84%,-4.67%,-4.67%,-4.67%,-4.84%,-4.67%,+10.09%,+10.09%,-0.63%,-0.63%,-0.63%,-0.63%,-0.93%,-0.63%,-0.63%,-0.75%,-0.93%,+9.97%,+9.85%,+9.85%,+9.85%,+9.85%,+10.09%,+10.09%,+10.09%,-0.63%,-0.81%,+10.09%,+10.09%,+10.15%,+10.15%,+10.15%,+10.40%,+10.40%,+10.40%,+10.40%,+10.15%,+10.28%,+10.40%,+10.40%,-0.63%,-0.45%,-0.45%,-0.15%,-0.27%,+10.46%,+10.70%,+10.70%,+10.76%,+10.70%,+10.70%,+10.70%,+10.76%,+10.40%,+10.76%,+10.76%,+10.76%,0.00%,0.00%,0.00%,-0.09%,-0.15%,+10.70%,+10.70%,-0.55%,-0.88%,-0.60%,-0.55%,-0.27%,-0.27%,+0.27%,-0.27%,-0.27%,+0.27%,+0.27%,-0.05%,-0.05%,-0.27%,+0.49%,+1.09%,+0.77%
Índice Dólar Futuros,-0.03%,-0.06%,-0.06%,-0.04%,-0.04%,-0.06%,-0.04%,-0.06%,-0.07%,-0.05%,-0.06%,-0.08%,-0.08%,-0.10%,-0.10%,-0.10%,-0.07%,-0.06%,-0.08%,-0.05%,-0.04%,-0.03%,-0.03%,-0.04%,-0.04%,-0.03%,-0.03%,-0.06%,-0.04%,-0.03%,-0.04%,-0.03%,-0.05%,-0.04%,-0.05%,-0.05%,-0.04%,-0.04%,-0.10%,-0.12%,-0.10%,-0.10%,-0.08%,-0.04%,-0.04%,-0.05%,-0.03%,-0.06%,-0.08%,-0.03%,-0.05%,-0.06%,-0.11%,-0.11%,-0.13%,-0.14%,-0.16%,-0.13%,-0.14%,-0.14%,-0.17%,-0.16%,-0.15%,-0.16%,-0.13%,-0.16%,-0.13%,-0.11%,-0.11%,-0.11%,-0.12%,-0.11%,-0.15%,-0.14%,-0.17%,-0.17%,-0.14%,-0.19%,-0.19%,-0.18%,-0.14%,-0.18%,-0.16%,-0.15%,-0.14%,-0.17%,-0.16%,-0.14%,-0.15%,-0.14%,-0.13%,-0.13%,-0.10%,-0.10%,-0.10%,-0.08%,-0.08%,-0.08%,-0.06%,-0.07%,-0.09%,-0.06%,-0.06%,-0.04%,-0.04%,-0.05%,-0.06%,-0.04%,-0.03%,-0.03%,-0.04%,-0.07%,-0.04%,-0.04%,-0.07%,-0.03%,-0.03%,-0.03%,-0.03%,-0.03%,-0.03%,-0.03%,-0.05%,-0.04%,-0.04%,-0.04%,-0.04%,-0.04%,-0.04%,-0.04%,-0.04%,-0.04%,-0.04%,-0.04%,-0.04%,-0.04%,-0.04%,-0.04%,-0.04%,-0.04%,-0.04%,-0.04%,-0.04%,-0.04%,-0.04%,-0.04%,-0.04%,-0.04%,-0.04%,-0.04%,-0.04%,-0.04%,-0.04%,-0.04%,-0.04%,-0.04%,+0.02%,+0.02%,+0.03%,+0.01%,+0.02%,+0.03%,0.00%,+0.06%,+0.02%,+0.02%,+0.01%,+0.03%,+0.02%,+0.02%,+0.08%,+0.07%,+0.04%,+0.02%,+0.05%,+0.01%,-0.01%,+0.00%,+0.01%,+0.02%,+0.02%,+0.04%,+0.02%,+0.03%,+0.02%,+0.02%,+0.02%,+0.02%,+0.01%,+0.03%,+0.04%,+0.04%,+0.03%,+0.04%,+0.06%,+0.05%,+0.05%,+0.05%,+0.05%,+0.06%,+0.07%,+0.08%,+0.08%,+0.07%,+0.08%,+0.08%,+0.07%,+0.08%,+0.06%,+0.06%,+0.07%,+0.08%,+0.11%,+0.10%,+0.17%,+0.16%,+0.13%,+0.16%,+0.16%,+0.17%,+0.25%,+0.27%,+0.28%,+0.27%,+0.30%,+0.33%,+0.35%,+0.32%,+0.32%,+0.29%,+0.30%,+0.28%,+0.27%,+0.27%,+0.38%,+0.27%,+0.35%,+0.34%,+0.36%,+0.33%,+0.31%,+0.32%,+0.32%,+0.32%,+0.32%,+0.30%,+0.31%,+0.25%,+0.26%,+0.25%,+0.29%,+0.29%,+0.27%,+0.25%,+0.23%,+0.21%,+0.25%,+0.23%,+0.24%,+0.23%,+0.23%,+0.27%,+0.26%,+0.25%,+0.23%,+0.24%,+0.25%,+0.23%,+0.24%,+0.21%,+0.24%,+0.21%,+0.23%,+0.21%,+0.22%,+0.21%,+0.21%,+0.22%,+0.22%,+0.23%,+0.21%,+0.22%,+0.21%,+0.21%,+0.21%,+0.20%,+0.21%,+0.22%,+0.21%,+0.22%,+0.21%,+0.19%,+0.21%,+0.19%,+0.21%,+0.21%,+0.21%,+0.21%,+0.22%,+0.21%,+0.22%,+0.23%,+0.24%,+0.27%,+0.27%,+0.30%,+0.29%,+0.29%,+0.27%,+0.29%,+0.28%,+0.29%,+0.29%,+0.30%,+0.29%,+0.29%,+0.29%,+0.27%,+0.27%,+0.27%,-0.05%,-0.04%,-0.04%,-0.03%,-0.03%,-0.01%,-0.03%,-0.02%,-0.03%,-0.03%,-0.03%,-0.06%,-0.09%,-0.06%,-0.08%,-0.07%,-0.06%,-0.08%,-0.07%,-0.07%,-0.10%,-0.11%,-0.10%,-0.10%,-0.11%,-0.11%,-0.12%,-0.13%,-0.10%,-0.11%,-0.10%,-0.10%,-0.09%,-0.10%,-0.09%,-0.06%,-0.06%,-0.08%,-0.08%,-0.08%,-0.05%,-0.09%,-0.09%,-0.06%,-0.08%,-0.07%,-0.06%,-0.08%,-0.08%,-0.08%,-0.09%,-0.10%,-0.09%,-0.07%,-0.07%,-0.07%,-0.05%,-0.06%,-0.07%,-0.06%,-0.07%,-0.06%,-0.07%,-0.10%,-0.08%,-0.10%,-0.14%,-0.15%,-0.13%,-0.15%,+0.00%,+0.02%,+0.08%,+0.08%,+0.10%
Shanghai Composite,-0.31%,-0.31%,-0.31%,-0.31%,-0.31%,-0.31%,-0.31%,-0.31%,-0.31%,-0.31%,-0.31%,-0.31%,-0.31%,-0.31%,-0.31%,-0.31%,-0.31%,-0.31%,-0.31%,-0.31%,-0.31%,-0.31%,-0.31%,-0.31%,-0.31%,-0.31%,-0.31%,-0.31%,-0.31%,-0.31%,-0.31%,-0.31%,-0.31%,-0.31%,-0.31%,-0.31%,-0.31%,-0.31%,-0.31%,-0.31%,-0.31%,-0.31%,-0.31%,-0.31%,-0.31%,-0.31%,-0.31%,-0.31%,-0.31%,-0.31%,-0.31%,-0.31%,-0.31%,-0.31%,-0.31%,-0.31%,-0.31%,-0.31%,-0.31%,-0.31%,-0.31%,-0.31%,-0.31%,-0.31%,-0.31%,-0.31%,-0.31%,-0.31%,-0.31%,-0.31%,-0.31%,-0.31%,-0.31%,-0.31%,-0.31%,-0.31%,-0.31%,-0.31%,-0.31%,-0.31%,-0.31%,-0.31%,-0.31%,-0.31%,-0.31%,-0.31%,-0.31%,-0.31%,-0.31%,-0.31%,-0.31%,-0.31%,-0.31%,-0.31%,-0.31%,-0.31%,-0.31%,-0.31%,-0.31%,-0.31%,-0.31%,-0.31%,-0.31%,-0.31%,-0.31%,-0.31%,-0.31%,-0.31%,-0.31%,-0.31%,-0.31%,-0.31%,-0.31%,-0.31%,-0.31%,-0.31%,-0.31%,-0.31%,-0.31%,-0.31%,-0.31%,-0.31%,-0.31%,-0.31%,-0.31%,-0.31%,-0.31%,-0.31%,-0.31%,-0.31%,-0.31%,-0.31%,-0.31%,-0.31%,-0.31%,-0.31%,-0.31%,-0.31%,-0.31%,-0.31%,-0.31%,-0.31%,-0.31%,-0.31%,-0.31%,-0.31%,-0.31%,-0.31%,-0.31%,-0.31%,-0.31%,-0.31%,-0.31%,-0.31%,-0.31%,-0.31%,-0.31%,-0.31%,-0.31%,-0.31%,-0.31%,-0.31%,-0.31%,-0.09%,-0.01%,+0.01%,-0.13%,+0.13%,+0.08%,-0.19%,-0.33%,-0.33%,-0.33%,-0.33%,-0.33%,-0.33%,-0.33%,-0.33%,-0.33%,-0.33%,-0.33%,-0.33%,-0.33%,-0.33%,-0.33%,-0.33%,-0.33%,-0.33%,-0.33%,-0.33%,-0.33%,-0.33%,-0.33%,-0.33%,-0.33%,-0.33%,-0.33%,-0.33%,-0.33%,-0.33%,-0.33%,-0.33%,-0.33%,-0.33%,-0.33%,-0.33%,-0.33%,-0.33%,-0.33%,-0.33%,-0.33%,-0.33%,-0.33%,-0.33%,-0.33%,-0.33%,-0.33%,-0.33%,-0.33%,-0.33%,-0.33%,-0.33%,-0.33%,-0.33%,-0.33%,-0.33%,-0.33%,-0.33%,-0.33%,-0.33%,-0.33%,-0.33%,-0.33%,-0.33%,-0.33%,-0.33%,-0.33%,-0.33%,-0.33%,-0.33%,-0.33%,-0.33%,-0.33%,-0.33%,-0.33%,-0.33%,-0.33%,-0.33%,-0.33%,-0.33%,-0.33%,-0.33%,-0.33%,-0.33%,-0.33%,-0.33%,-0.33%,-0.33%,-0.33%,-0.33%,-0.33%,-0.33%,-0.33%,-0.33%,-0.33%,-0.33%,-0.33%,-0.33%,-0.33%,-0.33%,-0.33%,-0.33%,-0.33%,-0.33%,-0.33%,-0.33%,-0.33%,-0.33%,-0.33%,-0.33%,-0.33%,-0.33%,-0.33%,-0.33%,-0.33%,-0.33%,-0.33%,-0.33%,-0.33%,-0.33%,-0.33%,-0.33%,-0.33%,-0.33%,-0.33%,-0.33%,-0.33%,-0.33%,-0.33%,-0.33%,-0.33%,-0.33%,-0.33%,-0.33%,-0.33%,-0.33%,-0.33%,-0.33%,-0.33%,-0.33%,-0.33%,-0.33%,-0.33%,-0.33%,-0.33%,-0.33%,-0.33%,-0.33%,-0.33%,-0.33%,-0.26%,-0.26%,-0.26%,-0.26%,-0.26%,-0.26%,-0.26%,-0.26%,-0.26%,-0.26%,-0.26%,-0.26%,-0.26%,-0.26%,-0.26%,-0.26%,-0.26%,-0.26%,-0.26%,-0.26%,-0.26%,-0.26%,-0.26%,-0.26%,-0.26%,-0.26%,-0.26%,-0.26%,-0.26%,-0.26%,-0.26%,-0.26%,-0.26%,-0.26%,-0.26%,-0.26%,-0.26%,-0.26%,-0.26%,-0.26%,-0.26%,-0.26%,-0.26%,-0.26%,-0.26%,-0.26%,-0.26%,-0.26%,-0.26%,-0.26%,-0.26%,-0.26%,-0.26%,-0.26%,-0.26%,-0.26%,-0.26%,-0.26%,-0.26%,-0.26%,-0.26%,-0.26%,-0.26%,-0.26%,-0.26%,-0.26%,-0.26%,-0.26%,-0.26%,-0.26%,-0.26%,-0.26%,-0.26%,-0.26%,-0.26%
SZSE Component,+0.56%,+0.56%,+0.56%,+0.56%,+0.56%,+0.56%,+0.56%,+0.56%,+0.56%,+0.56%,+0.56%,+0.56%,+0.56%,+0.56%,+0.56%,+0.56%,+0.56%,+0.56%,+0.56%,+0.56%,+0.56%,+0.56%,+0.56%,+0.56%,+0.56%,+0.56%,+0.56%,+0.56%,+0.56%,+0.56%,+0.56%,+0.56%,+0.56%,+0.56%,+0.56%,+0.56%,+0.56%,+0.56%,+0.56%,+0.56%,+0.56%,+0.56%,+0.56%,+0.56%,+0.56%,+0.56%,+0.56%,+0.56%,+0.56%,+0.56%,+0.56%,+0.56%,+0.56%,+0.56%,+0.56%,+0.56%,+0.56%,+0.56%,+0.56%,+0.56%,+0.56%,+0.56%,+0.56%,+0.56%,+0.56%,+0.56%,+0.56%,+0.56%,+0.56%,+0.56%,+0.56%,+0.56%,+0.56%,+0.56%,+0.56%,+0.56%,+0.56%,+0.56%,+0.56%,+0.56%,+0.56%,+0.56%,+0.56%,+0.56%,+0.56%,+0.56%,+0.56%,+0.56%,+0.56%,+0.56%,+0.56%,+0.56%,+0.56%,+0.56%,+0.56%,+0.56%,+0.56%,+0.56%,+0.56%,+0.56%,+0.56%,+0.56%,+0.56%,+0.56%,+0.56%,+0.56%,+0.56%,+0.56%,+0.56%,+0.56%,+0.56%,+0.56%,+0.56%,+0.56%,+0.56%,+0.56%,+0.56%,+0.56%,+0.56%,+0.56%,+0.56%,+0.56%,+0.56%,+0.56%,+0.56%,+0.56%,+0.56%,+0.56%,+0.56%,+0.56%,+0.56%,+0.56%,+0.56%,+0.56%,+0.56%,+0.56%,+0.56%,+0.56%,+0.56%,+0.56%,+0.56%,+0.56%,+0.56%,+0.56%,+0.56%,+0.56%,+0.56%,+0.56%,+0.56%,+0.56%,+0.56%,+0.56%,+0.56%,+0.56%,+0.56%,+0.56%,+0.56%,+0.56%,+0.56%,+0.56%,+0.56%,+0.56%,0.00%,0.00%,0.00%,+0.08%,+0.23%,+0.50%,-0.63%,+0.07%,+0.41%,+0.41%,+0.41%,+0.41%,+0.41%,+0.41%,+0.41%,+0.41%,+0.41%,+0.41%,+0.41%,+0.41%,+0.41%,+0.41%,+0.41%,+0.41%,+0.41%,+0.41%,+0.41%,+0.41%,+0.41%,+0.41%,+0.41%,+0.41%,+0.41%,+0.41%,+0.41%,+0.41%,+0.41%,+0.41%,+0.41%,+0.41%,+0.41%,+0.41%,+0.41%,+0.41%,+0.41%,+0.41%,+0.41%,+0.41%,+0.41%,+0.41%,+0.41%,+0.41%,+0.41%,+0.41%,+0.41%,+0.41%,+0.41%,+0.41%,+0.41%,+0.41%,+0.41%,+0.41%,+0.41%,+0.41%,+0.41%,+0.41%,+0.41%,+0.41%,+0.41%,+0.41%,+0.41%,+0.41%,+0.41%,+0.41%,+0.41%,+0.41%,+0.41%,+0.41%,+0.41%,+0.41%,+0.41%,+0.41%,+0.41%,+0.41%,+0.41%,+0.41%,+0.41%,+0.41%,+0.41%,+0.41%,+0.41%,+0.41%,+0.41%,+0.41%,+0.41%,+0.41%,+0.41%,+0.41%,+0.41%,+0.41%,+0.41%,+0.41%,+0.41%,+0.41%,+0.41%,+0.41%,+0.41%,+0.41%,+0.41%,+0.41%,+0.41%,+0.41%,+0.41%,+0.41%,+0.41%,+0.41%,+0.41%,+0.41%,+0.41%,+0.41%,+0.41%,+0.41%,+0.41%,+0.41%,+0.41%,+0.41%,+0.41%,+0.41%,+0.41%,+0.41%,+0.41%,+0.41%,+0.41%,+0.41%,+0.41%,+0.41%,+0.41%,+0.41%,+0.41%,+0.41%,+0.41%,+0.41%,+0.41%,+0.41%,+0.41%,+0.41%,+0.41%,+0.41%,+0.41%,+0.41%,+0.41%,+0.41%,+0.41%,+0.41%,+0.41%,+0.41%,+0.41%,+0.41%,-0.18%,-0.18%,-0.18%,-0.18%,-0.18%,-0.18%,-0.18%,-0.18%,-0.18%,-0.18%,-0.18%,-0.18%,-0.18%,-0.18%,-0.18%,-0.18%,-0.18%,-0.18%,-0.18%,-0.18%,-0.18%,-0.18%,-0.18%,-0.18%,-0.18%,-0.18%,-0.18%,-0.18%,-0.18%,-0.18%,-0.18%,-0.18%,-0.18%,-0.18%,-0.18%,-0.18%,-0.18%,-0.18%,-0.18%,-0.18%,-0.18%,-0.18%,-0.18%,-0.18%,-0.18%,-0.18%,-0.18%,-0.18%,-0.18%,-0.18%,-0.18%,-0.18%,-0.18%,-0.18%,-0.18%,-0.18%,-0.18%,-0.18%,-0.18%,-0.18%,-0.18%,-0.18%,-0.18%,-0.18%,-0.18%,-0.18%,-0.18%,-0.18%,-0.18%,-0.18%,-0.18%,-0.18%,-0.18%,-0.18%,-0.18%
Dow Jones Shanghai,-0.13%,-0.13%,-0.13%,-0.13%,-0.13%,-0.13%,-0.13%,-0.13%,-0.13%,-0.13%,-0.13%,-0.13%,-0.13%,-0.13%,-0.13%,-0.13%,-0.13%,-0.13%,-0.13%,-0.13%,-0.13%,-0.13%,-0.13%,-0.13%,-0.13%,-0.13%,-0.13%,-0.13%,-0.13%,-0.13%,-0.13%,-0.13%,-0.13%,-0.13%,-0.13%,-0.13%,-0.13%,-0.13%,-0.13%,-0.13%,-0.13%,-0.13%,-0.13%,-0.13%,-0.13%,-0.13%,-0.13%,-0.13%,-0.13%,-0.13%,-0.13%,-0.13%,-0.13%,-0.13%,-0.13%,-0.13%,-0.13%,-0.13%,-0.13%,-0.13%,-0.13%,-0.13%,-0.13%,-0.13%,-0.13%,-0.13%,-0.13%,-0.13%,-0.13%,-0.13%,-0.13%,-0.13%,-0.13%,-0.13%,-0.13%,-0.13%,-0.13%,-0.13%,-0.13%,-0.13%,-0.13%,-0.13%,-0.13%,-0.13%,-0.13%,-0.13%,-0.13%,-0.13%,-0.13%,-0.13%,-0.13%,-0.13%,-0.13%,-0.13%,-0.13%,-0.13%,-0.13%,-0.13%,-0.13%,-0.13%,-0.13%,-0.13%,-0.13%,-0.13%,-0.13%,-0.13%,-0.13%,-0.13%,-0.13%,-0.13%,-0.13%,-0.13%,-0.13%,-0.13%,-0.13%,-0.13%,-0.13%,-0.13%,-0.13%,-0.13%,-0.13%,-0.13%,-0.13%,0.00%,0.00%,0.00%,0.00%,0.00%,0.00%,0.00%,0.00%,0.00%,0.00%,0.00%,0.00%,0.00%,0.00%,0.00%,0.00%,0.00%,0.00%,0.00%,0.00%,0.00%,0.00%,0.00%,0.00%,0.00%,0.00%,0.00%,0.00%,0.00%,0.00%,0.00%,0.00%,0.00%,0.00%,0.00%,0.00%,0.00%,0.00%,0.00%,-0.08%,0.00%,+0.18%,-0.07%,-0.12%,-0.07%,-0.12%,-0.16%,-0.19%,-0.19%,-0.19%,-0.19%,-0.19%,-0.19%,-0.19%,-0.19%,-0.19%,-0.19%,-0.19%,-0.19%,-0.19%,-0.19%,-0.19%,-0.19%,-0.19%,-0.19%,-0.19%,-0.19%,-0.19%,-0.19%,-0.19%,-0.19%,-0.19%,-0.19%,-0.19%,-0.19%,-0.19%,-0.19%,-0.19%,-0.19%,-0.19%,-0.19%,-0.19%,-0.19%,-0.19%,-0.19%,-0.19%,-0.19%,-0.19%,-0.19%,-0.19%,-0.19%,-0.19%,-0.19%,-0.19%,-0.19%,-0.19%,-0.19%,-0.19%,-0.19%,-0.19%,-0.19%,-0.19%,-0.19%,-0.19%,-0.19%,-0.19%,-0.19%,-0.19%,-0.19%,-0.19%,-0.19%,-0.19%,-0.19%,-0.19%,-0.19%,-0.19%,-0.19%,-0.19%,-0.19%,-0.19%,-0.19%,-0.19%,-0.19%,-0.19%,-0.19%,-0.19%,-0.19%,-0.19%,-0.19%,-0.19%,-0.19%,-0.19%,-0.19%,-0.19%,-0.19%,-0.19%,-0.19%,-0.19%,-0.19%,-0.19%,-0.19%,-0.19%,-0.19%,-0.19%,-0.19%,-0.19%,-0.19%,-0.19%,-0.19%,-0.19%,-0.19%,-0.19%,-0.19%,-0.19%,-0.19%,-0.19%,-0.19%,-0.19%,-0.19%,-0.19%,-0.19%,-0.19%,-0.19%,-0.19%,-0.19%,-0.19%,-0.19%,-0.19%,-0.19%,-0.19%,-0.19%,-0.19%,-0.19%,-0.19%,-0.19%,-0.19%,-0.19%,-0.19%,-0.19%,-0.19%,-0.19%,-0.19%,-0.19%,-0.19%,-0.19%,-0.19%,-0.19%,-0.19%,-0.19%,-0.19%,-0.19%,-0.19%,-0.19%,-0.19%,-0.19%,-0.19%,-0.19%,-0.19%,-0.19%,-0.19%,-0.19%,-0.19%,-0.19%,-0.19%,-0.19%,-0.19%,-0.19%,-0.19%,-0.19%,-0.19%,-0.19%,-0.19%,-0.19%,-0.19%,-0.19%,-0.19%,-0.19%,-0.19%,-0.19%,-0.19%,-0.19%,-0.19%,-0.19%,-0.19%,-0.19%,-0.19%,-0.19%,-0.19%,-0.19%,-0.19%,-0.19%,-0.19%,-0.19%,-0.19%,-0.19%,-0.19%,-0.19%,-0.19%,-0.19%,-0.19%,-0.19%,-0.19%,-0.19%,-0.19%,-0.19%,-0.19%,-0.19%,-0.19%,-0.19%,-0.19%,-0.19%,-0.19%,-0.19%,-0.19%,-0.19%,-0.19%,-0.19%,-0.19%,-0.19%,-0.19%,-0.19%,-0.19%,-0.19%,-0.19%,-0.19%,-0.19%,-0.19%,-0.19%,-0.19%,-0.19%,-0.19%,-0.19%
China A50 Futuros,-0.64%,-0.65%,-0.65%,-0.64%,-0.65%,-0.66%,-0.69%,-0.74%,-0.77%,-0.76%,-0.82%,-0.76%,-0.81%,-0.81%,-0.86%,-0.88%,-0.89%,-0.90%,-0.91%,-0.92%,-0.92%,-0.90%,-0.89%,-0.90%,-0.92%,-0.82%,-0.86%,-0.86%,-0.83%,-0.85%,-0.83%,-0.85%,-0.82%,-0.85%,-0.82%,-0.82%,-0.84%,-0.84%,-0.80%,-0.82%,-0.80%,-0.86%,-0.86%,-0.83%,-0.86%,-0.86%,-0.90%,-0.83%,-0.89%,-0.89%,-0.90%,-0.90%,-0.94%,-0.89%,-0.89%,-0.89%,-0.87%,-0.88%,-0.87%,-0.91%,-0.85%,-0.84%,-0.85%,-0.91%,-0.90%,-0.91%,-0.84%,-0.84%,-0.83%,-0.83%,-0.87%,-0.84%,-0.89%,-0.93%,-0.86%,-0.89%,-0.92%,-0.84%,-0.83%,-0.92%,-0.92%,-0.75%,-0.80%,-0.80%,-0.88%,-0.73%,-0.91%,-0.89%,-0.93%,-0.90%,-0.91%,-0.94%,-0.94%,-0.94%,-0.91%,-0.96%,-0.92%,-0.90%,-0.92%,-0.92%,-0.92%,-0.90%,-0.90%,-0.89%,-0.86%,-0.90%,-0.86%,-0.89%,-0.89%,-0.86%,-0.80%,-0.82%,-0.79%,-0.79%,-0.79%,-0.07%,-0.07%,-0.07%,-0.07%,-0.07%,-0.07%,-0.07%,-0.07%,-0.07%,-0.07%,-0.07%,-0.07%,-0.07%,-0.07%,-0.07%,-0.07%,-0.07%,-0.07%,-0.07%,-0.07%,-0.07%,-0.07%,-0.07%,-0.07%,-0.07%,-0.07%,-0.07%,-0.07%,-0.07%,-0.07%,-0.07%,-0.07%,-0.07%,-0.07%,-0.07%,-0.07%,-0.07%,-0.07%,-0.07%,-0.07%,-0.07%,-0.07%,-0.07%,+0.23%,+0.11%,+0.23%,0.00%,+0.15%,+0.35%,+0.61%,0.00%,+0.38%,+0.35%,+0.33%,+0.53%,+0.17%,+0.20%,+0.20%,+0.20%,+0.22%,+0.22%,+0.26%,+0.22%,+0.26%,+0.27%,+0.26%,+0.26%,+0.26%,+0.33%,+0.30%,+0.33%,+0.30%,+0.39%,+0.41%,+0.39%,+0.39%,+0.39%,+0.44%,+0.39%,+0.43%,+0.44%,+0.44%,+0.45%,+0.45%,+0.46%,+0.43%,+0.43%,+0.43%,+0.45%,+0.43%,+0.43%,+0.43%,+0.41%,+0.44%,+0.43%,+0.44%,+0.44%,+0.44%,+0.43%,+0.41%,+0.41%,+0.39%,+0.38%,+0.39%,+0.38%,+0.42%,+0.39%,+0.43%,+0.44%,+0.43%,+0.43%,+0.43%,+0.43%,+0.49%,+0.46%,+0.46%,+0.50%,+0.30%,+0.27%,+0.27%,+0.36%,+0.36%,+0.39%,+0.46%,+0.46%,+0.51%,+0.46%,+0.46%,+0.49%,+0.46%,+0.46%,+0.46%,+0.49%,+0.48%,+0.48%,+0.56%,+0.56%,+0.58%,+0.58%,+0.56%,+0.60%,+0.62%,+0.60%,+0.59%,+0.59%,+0.56%,+0.56%,+0.56%,+0.54%,+0.56%,+0.50%,+0.50%,+0.54%,+0.50%,+0.54%,+0.52%,+0.57%,+0.50%,+0.50%,+0.52%,+0.52%,+0.56%,+0.56%,+0.58%,+0.54%,+0.54%,+0.54%,+0.52%,+0.52%,+0.52%,+0.52%,+0.50%,+0.50%,+0.50%,+0.55%,+0.52%,+0.52%,+0.55%,+0.46%,+0.52%,+0.46%,+0.46%,+0.47%,+0.47%,+0.48%,+0.48%,+0.47%,+0.46%,+0.46%,+0.46%,+0.44%,+0.45%,+0.44%,+0.45%,+0.42%,+0.41%,+0.40%,+0.41%,+0.43%,+0.41%,+0.41%,+0.36%,+0.36%,+0.36%,+0.36%,-0.77%,-0.77%,-0.78%,-0.78%,-0.79%,-0.79%,-0.79%,-0.79%,-0.78%,-0.79%,-0.78%,-0.78%,-0.72%,-0.79%,-0.72%,-0.71%,-0.72%,-0.73%,-0.72%,-0.72%,-0.66%,-0.66%,-0.68%,-0.66%,-0.65%,-0.68%,-0.69%,-0.69%,-0.74%,-0.74%,-0.73%,-0.74%,-0.73%,-0.76%,-0.72%,-0.76%,-0.78%,-0.76%,-0.75%,-0.78%,-0.78%,-0.72%,-0.78%,-0.79%,-0.79%,-0.80%,-0.80%,-0.78%,-0.78%,-0.78%,-0.80%,-0.80%,-0.80%,-0.80%,-0.81%,-0.80%,-0.81%,-0.81%,-0.84%,-0.84%,-0.96%,-1.00%,-0.94%,-0.95%,-0.94%,-0.99%,-0.95%,-0.95%,-0.99%,-0.95%,-1.01%,-1.04%,-1.09%,-1.09%,-1.11%
Hang Seng Futuros,+0.33%,+0.31%,+0.31%,+0.29%,+0.29%,+0.26%,+0.23%,+0.09%,+0.06%,+0.06%,+0.03%,+0.03%,-0.06%,-0.12%,-0.06%,-0.06%,-0.06%,-0.15%,-0.18%,-0.18%,-0.20%,-0.19%,-0.20%,-0.18%,-0.20%,-0.15%,-0.15%,-0.18%,-0.25%,-0.20%,-0.22%,-0.27%,-0.20%,-0.20%,-0.21%,-0.26%,-0.20%,-0.19%,-0.28%,-0.22%,-0.22%,-0.32%,-0.31%,-0.30%,-0.32%,-0.29%,-0.25%,-0.26%,-0.26%,-0.26%,-0.36%,-0.21%,-0.40%,-0.32%,-0.22%,-0.22%,-0.22%,-0.23%,-0.20%,-0.20%,-0.19%,-0.13%,-0.08%,-0.24%,-0.07%,-0.22%,-0.09%,-0.22%,-0.09%,+0.00%,-0.14%,-0.10%,-0.13%,-0.30%,-0.28%,-0.08%,-0.08%,-0.07%,-0.08%,-0.06%,+0.01%,+0.10%,+0.10%,+0.04%,-0.15%,-0.15%,-0.15%,-0.20%,-0.16%,-0.18%,-0.15%,-0.15%,-0.20%,-0.28%,-0.33%,-0.31%,-0.24%,-0.24%,-0.29%,-0.33%,-0.28%,-0.27%,-0.27%,-0.27%,-0.28%,-0.24%,-0.20%,-0.22%,-0.30%,-0.22%,-0.12%,-0.12%,-0.12%,-0.12%,-0.12%,-0.12%,-0.12%,-0.12%,-0.12%,-0.12%,-0.12%,-0.12%,-0.12%,-0.12%,-0.12%,-0.12%,-0.12%,-0.12%,-0.12%,-0.12%,-0.12%,-0.12%,-0.12%,-0.12%,-0.12%,-0.12%,-0.12%,-0.12%,-0.12%,-0.12%,-0.12%,-0.12%,-0.12%,-0.12%,-0.12%,-0.12%,-0.12%,-0.12%,-0.12%,-0.12%,-0.12%,-0.12%,-0.12%,-0.12%,-0.12%,-0.12%,-0.12%,-0.12%,-0.12%,-0.12%,+0.38%,-0.12%,+0.29%,+0.44%,+0.79%,+0.85%,+0.85%,+0.80%,+1.13%,+0.89%,+0.26%,+0.33%,+0.35%,+0.40%,+0.45%,+0.50%,+0.40%,+0.57%,+0.57%,+0.51%,+0.55%,+0.59%,+0.60%,+0.55%,+0.62%,+0.66%,+0.72%,+0.71%,+0.70%,+0.70%,+0.67%,+0.64%,+0.65%,+0.65%,+0.62%,+0.64%,+0.62%,+0.66%,+0.58%,+0.66%,+0.54%,+0.57%,+0.57%,+0.51%,+0.51%,+0.57%,+0.53%,+0.58%,+0.58%,+0.58%,+0.55%,+0.49%,+0.47%,+0.45%,+0.40%,+0.45%,+0.45%,+0.40%,+0.46%,+0.39%,+0.41%,+0.30%,+0.30%,+0.30%,+0.25%,+0.25%,+0.31%,+0.32%,+0.31%,+0.38%,+0.41%,+0.41%,+0.09%,+0.41%,0.00%,+0.13%,+0.29%,+0.13%,+0.41%,+0.49%,+0.56%,+0.49%,+0.56%,+0.38%,+0.39%,+0.40%,+0.38%,+0.47%,+0.48%,+0.69%,+0.73%,+0.69%,+0.74%,+0.83%,+0.74%,+0.83%,+0.87%,+0.89%,+0.87%,+0.84%,+0.79%,+0.84%,+0.85%,+0.87%,+0.85%,+0.84%,+0.85%,+0.85%,+0.86%,+0.84%,+0.91%,+0.89%,+0.91%,+0.89%,+1.01%,+0.91%,+0.89%,+1.08%,+1.08%,+1.08%,+1.06%,+1.07%,+1.08%,+1.06%,+1.01%,+0.95%,+0.96%,+0.95%,+0.96%,+0.96%,+0.96%,+0.96%,+0.96%,+0.96%,+0.96%,+0.96%,+0.96%,+0.96%,+0.96%,+0.96%,+0.96%,+0.96%,+0.96%,+0.96%,+0.96%,+0.96%,+0.96%,+0.96%,+0.96%,+0.96%,+0.96%,+0.96%,+0.96%,+0.96%,+0.96%,+0.96%,+0.96%,+0.96%,+0.96%,+0.96%,-1.26%,-1.24%,-1.25%,-1.26%,-1.28%,-1.24%,-1.28%,-1.18%,-1.25%,-1.27%,-1.17%,-1.14%,-1.20%,-1.14%,-1.10%,-1.12%,-1.12%,-1.13%,-1.14%,-1.04%,-1.02%,-1.02%,-1.02%,-1.02%,-1.03%,-1.08%,-1.10%,-1.05%,-1.18%,-1.14%,-1.13%,-1.13%,-1.15%,-1.13%,-1.18%,-1.18%,-1.18%,-1.19%,-1.17%,-1.21%,-1.17%,-1.21%,-1.26%,-1.20%,-1.21%,-1.26%,-1.25%,-1.32%,-1.25%,-1.26%,-1.26%,-1.28%,-1.29%,-1.28%,-1.29%,-1.26%,-1.28%,-1.27%,-1.32%,-1.31%,-1.32%,-1.77%,-1.77%,-1.69%,-1.69%,-1.84%,-1.77%,-1.84%,-1.75%,-1.85%,-1.85%,-1.90%,-2.04%,-2.14%,-2.13%
BSE Sensex 30,-0.28%,-0.21%,-0.38%,-0.20%,-0.30%,-0.39%,-0.29%,-0.29%,-0.28%,-0.29%,-0.29%,-0.29%,-0.29%,-0.29%,-0.29%,-0.29%,-0.29%,-0.29%,-0.29%,-0.29%,-0.29%,-0.29%,-0.29%,-0.29%,-0.29%,-0.29%,-0.29%,-0.29%,-0.29%,-0.29%,-0.29%,-0.29%,-0.29%,-0.29%,-0.29%,-0.29%,-0.29%,-0.29%,-0.29%,-0.29%,-0.29%,-0.29%,-0.29%,-0.29%,-0.29%,-0.29%,-0.29%,-0.29%,-0.29%,-0.29%,-0.29%,-0.29%,-0.29%,-0.29%,-0.29%,-0.29%,-0.29%,-0.29%,-0.29%,-0.29%,-0.29%,-0.29%,-0.29%,-0.29%,-0.29%,-0.29%,-0.29%,-0.29%,-0.29%,-0.29%,-0.29%,-0.29%,-0.29%,-0.29%,-0.29%,-0.29%,-0.29%,-0.29%,-0.29%,-0.29%,-0.29%,-0.29%,-0.29%,-0.29%,-0.29%,-0.29%,-0.29%,-0.29%,-0.29%,-0.29%,-0.29%,-0.29%,-0.29%,-0.29%,-0.29%,-0.29%,-0.29%,-0.29%,-0.29%,-0.29%,-0.29%,-0.29%,-0.29%,-0.29%,-0.29%,-0.29%,-0.29%,-0.29%,-0.29%,-0.29%,-0.29%,-0.29%,-0.29%,-0.29%,-0.29%,-0.29%,-0.29%,-0.29%,-0.29%,-0.29%,-0.29%,-0.29%,-0.29%,-0.29%,-0.29%,-0.29%,-0.29%,-0.29%,-0.29%,-0.29%,-0.29%,-0.29%,-0.29%,-0.29%,-0.29%,-0.29%,-0.29%,-0.29%,-0.29%,-0.29%,-0.29%,-0.29%,-0.29%,-0.29%,-0.29%,-0.29%,-0.29%,-0.29%,-0.29%,-0.29%,-0.29%,-0.29%,-0.29%,-0.29%,-0.29%,-0.29%,-0.29%,-0.29%,-0.29%,-0.29%,-0.29%,-0.29%,-0.29%,-0.29%,-0.29%,-0.29%,-0.29%,-0.29%,-0.29%,-0.29%,0.00%,0.00%,0.00%,0.00%,0.00%,0.00%,0.00%,0.00%,0.00%,0.00%,0.00%,0.00%,0.00%,0.00%,0.00%,0.00%,0.00%,0.00%,0.00%,0.00%,0.00%,-0.29%,-0.29%,-0.29%,-0.29%,-0.29%,-0.29%,-0.29%,-0.29%,-0.29%,-0.29%,-0.29%,-0.29%,-0.29%,-0.29%,-0.29%,-0.29%,-0.29%,-0.29%,-0.29%,-0.29%,-0.29%,-0.29%,-0.29%,-0.29%,-0.29%,-0.29%,-0.29%,-0.29%,-0.29%,-0.29%,-0.29%,-0.29%,-0.29%,-0.29%,-0.29%,-0.29%,-0.29%,-0.29%,-0.29%,-0.29%,-0.29%,-0.29%,-0.29%,-0.29%,-0.29%,-0.29%,-0.29%,-0.29%,-0.29%,-0.29%,-0.29%,-0.29%,-0.29%,-0.29%,-0.29%,-0.29%,-0.29%,-0.29%,-0.29%,-0.29%,-0.29%,-0.29%,-0.29%,-0.29%,-0.29%,-0.29%,-0.29%,-0.29%,-0.29%,-0.29%,-0.29%,-0.29%,-0.29%,-0.29%,-0.29%,-0.29%,-0.29%,-0.29%,-0.29%,-0.29%,-0.29%,-0.29%,-0.29%,-0.29%,-0.29%,-0.29%,-0.29%,-0.29%,-0.29%,-0.29%,-0.29%,-0.29%,-0.29%,-0.29%,-0.29%,-0.29%,-0.29%,-0.29%,-0.29%,-0.29%,-0.29%,-0.29%,-0.29%,-0.29%,-0.29%,-0.29%,-0.29%,-0.29%,-0.29%,-0.29%,-0.29%,-0.29%,-0.29%,-0.29%,-0.29%,-0.29%,-0.29%,-0.29%,-0.29%,-0.29%,-0.29%,-0.29%,-0.29%,-0.29%,-0.29%,-0.29%,-0.29%,-0.29%,-0.29%,+0.26%,+0.26%,+0.24%,+0.24%,+0.25%,+0.21%,+0.22%,+0.25%,+0.23%,+0.23%,+0.23%,+0.23%,+0.23%,+0.23%,+0.23%,+0.23%,+0.23%,+0.23%,+0.23%,+0.23%,+0.23%,+0.23%,+0.23%,+0.23%,+0.23%,+0.23%,+0.23%,+0.23%,+0.23%,+0.23%,+0.23%,+0.23%,+0.23%,+0.23%,+0.23%,+0.23%,+0.23%,+0.23%,+0.23%,+0.23%,+0.23%,+0.23%,+0.23%,+0.23%,+0.23%,+0.23%,+0.23%,+0.23%,+0.23%,+0.23%,+0.23%,+0.23%,+0.23%,+0.23%,+0.23%,+0.23%,+0.23%,+0.23%,+0.23%,+0.23%,+0.23%,+0.23%,+0.23%,+0.23%,+0.23%,+0.23%,+0.23%,+0.23%,+0.23%,+0.23%,+0.23%,+0.23%,+0.23%,+0.23%,+0.23%
iShares Semiconductor ETF,+0.07%,+0.04%,+0.04%,+0.04%,+0.06%,+0.11%,+0.09%,+0.04%,+0.06%,+0.05%,-0.48%,-0.49%,-0.48%,-0.89%,-0.90%,-0.90%,-0.86%,-0.83%,-0.81%,-0.77%,-0.63%,-0.69%,-0.72%,-0.71%,-0.63%,-0.73%,-0.73%,-0.80%,-0.80%,-0.80%,-0.75%,-0.75%,-0.80%,-0.79%,-0.71%,-0.53%,-0.51%,-0.53%,-0.51%,+0.11%,-0.56%,-0.63%,-0.63%,-0.56%,-0.56%,-0.53%,-0.81%,-0.54%,-0.81%,-0.76%,-0.70%,-0.66%,-0.76%,-0.74%,-0.74%,-0.72%,-0.72%,-0.77%,-0.97%,-0.77%,-0.97%,-0.90%,-1.01%,-1.30%,-1.37%,-1.30%,-0.86%,-1.37%,-0.92%,-0.86%,-0.96%,-0.90%,-1.31%,-0.81%,-1.34%,-1.22%,-1.29%,-1.48%,-1.32%,-1.19%,-1.43%,-1.41%,-1.10%,-1.28%,-1.46%,-1.46%,-1.57%,-1.62%,-1.40%,-1.32%,-1.29%,-1.56%,-1.38%,-1.57%,-1.59%,-1.59%,-1.49%,-1.71%,-1.71%,-1.66%,-1.64%,-1.66%,-1.55%,-1.45%,-1.43%,-1.63%,-1.63%,-1.58%,-1.70%,-1.58%,-1.26%,-1.20%,-0.89%,-0.74%,-0.47%,+0.11%,0.00%,-0.04%,-0.15%,0.00%,0.00%,-0.06%,-0.06%,-0.27%,-0.18%,0.00%,-0.18%,-0.23%,-0.18%,-0.35%,-0.30%,-0.30%,-0.30%,-0.27%,-0.02%,-0.35%,-0.02%,-0.30%,-0.17%,-0.17%,-0.17%,-0.17%,-0.17%,-0.17%,-0.17%,-0.17%,-0.17%,-0.26%,-0.16%,-0.16%,-0.18%,-0.16%,-0.18%,-0.18%,-0.18%,-0.28%,-0.28%,-0.28%,-0.28%,-0.22%,-0.22%,-0.11%,-0.23%,-0.11%,-0.21%,-0.07%,-0.07%,-0.07%,0.00%,0.00%,+2.29%,+2.44%,+2.44%,+2.46%,+2.54%,+2.46%,+2.42%,+2.30%,+2.52%,+2.54%,+2.30%,+2.52%,+2.52%,+2.57%,+2.68%,+2.64%,+2.65%,+2.57%,+2.75%,+2.72%,+2.69%,+2.74%,+2.80%,+2.69%,+2.85%,+2.90%,+2.90%,+2.85%,+3.03%,+2.98%,+3.03%,+2.98%,+2.74%,+2.74%,+2.81%,+2.96%,+2.72%,+2.74%,+2.81%,+2.81%,+2.83%,+2.87%,+2.97%,+2.91%,+1.21%,+2.97%,+0.94%,+3.08%,+3.24%,+3.27%,+3.25%,+3.29%,+3.36%,+3.39%,+3.28%,+3.53%,+3.39%,+3.35%,+3.53%,+3.45%,+3.35%,+3.40%,+3.48%,+3.48%,+3.21%,+3.64%,+3.43%,+3.41%,+3.41%,+3.37%,+3.28%,+3.32%,+3.33%,+2.83%,+3.25%,+2.94%,+2.92%,+2.70%,+2.70%,+2.87%,+3.13%,+3.24%,+3.24%,+3.30%,+3.52%,+3.34%,+3.41%,+3.52%,+3.36%,+3.41%,+3.44%,+3.36%,+3.48%,+3.42%,+3.40%,+3.49%,+3.18%,+3.34%,+3.40%,+3.36%,+3.34%,+3.43%,+3.34%,+3.31%,+3.39%,+3.44%,+3.33%,+3.31%,+3.37%,+3.35%,+3.46%,+3.47%,+3.33%,+3.32%,+3.20%,+3.20%,+3.29%,+2.97%,+2.88%,+3.01%,+2.88%,+2.88%,+2.79%,+2.79%,+2.63%,+2.78%,+2.74%,+2.74%,+2.74%,+2.76%,+2.75%,+2.73%,+2.62%,+2.46%,+2.57%,+2.33%,+2.33%,+2.02%,+1.74%,+2.20%,+0.10%,+0.19%,+1.65%,+0.12%,+0.18%,+0.18%,+0.19%,+0.19%,+0.18%,+0.26%,+1.65%,+1.61%,+1.60%,+1.64%,+1.65%,+1.58%,+1.57%,+1.65%,+1.59%,+1.71%,+1.68%,+1.73%,+1.73%,+2.01%,+1.73%,+1.99%,+2.01%,+2.01%,+1.99%,+2.01%,+1.98%,+1.99%,+1.99%,+2.00%,+1.92%,+2.00%,+1.86%,+1.86%,+1.99%,+1.86%,+1.86%,+1.86%,+1.91%,+1.89%,+1.84%,+1.87%,+1.84%,+1.91%,+1.89%,+1.89%,+1.73%,+1.74%,+1.74%,+1.83%,+1.70%,+1.65%,+1.68%,+1.70%,+1.85%,+1.71%,+1.68%,+1.76%,+1.78%,+1.66%,+1.81%,+1.86%,+1.85%,+1.86%,+1.86%,+1.88%,+2.14%,+2.43%,+2.26%,+2.43%,+1.79%,+1.70%,+1.79%,+2.04%,+1.75%,+1.87%,+1.40%,+1.34%,+1.34%,+0.98%,+0.98%
iShares MSCI Emerging Markets ETF,+0.59%,+0.59%,+0.59%,+0.59%,+0.59%,+0.59%,+0.59%,+0.59%,+0.43%,+0.43%,+0.28%,+0.28%,+0.43%,+0.12%,+0.12%,+0.12%,+0.07%,+0.07%,+0.07%,+0.07%,+0.07%,+0.07%,+0.07%,-0.05%,-0.05%,-0.03%,-0.03%,-0.03%,-0.03%,-0.09%,-0.09%,-0.09%,-0.09%,-0.09%,0.00%,0.00%,0.00%,+0.02%,+0.02%,+0.02%,+0.02%,0.00%,0.00%,-0.07%,-0.07%,-0.07%,0.00%,+0.02%,-0.07%,0.00%,+0.03%,+0.02%,+0.05%,+0.05%,+0.05%,+0.05%,+0.05%,+0.14%,+0.10%,+0.10%,+0.13%,+0.10%,+0.04%,+0.13%,+0.15%,+0.17%,+0.17%,+0.26%,+0.26%,+0.03%,+0.03%,+0.10%,+0.04%,+0.02%,+0.08%,+0.08%,-0.06%,+0.08%,+0.09%,+0.18%,+0.28%,+0.30%,+0.23%,+0.17%,+0.21%,+0.05%,+0.05%,-0.01%,+0.03%,+0.08%,+0.08%,+0.04%,-0.03%,-0.03%,-0.07%,-0.05%,0.00%,-0.04%,-0.08%,-0.08%,-0.01%,-0.07%,-0.03%,+0.01%,+0.06%,+0.04%,+0.06%,-0.04%,+0.03%,+0.03%,+0.30%,+0.33%,+0.33%,+0.38%,+0.35%,+0.02%,0.00%,0.00%,0.00%,+0.13%,0.00%,+0.07%,+0.07%,+0.07%,-0.03%,-0.03%,-0.03%,-0.03%,+0.16%,+0.16%,-0.35%,-0.35%,-0.35%,-0.36%,0.00%,-0.36%,-0.36%,+0.12%,+0.12%,+0.16%,+0.16%,+0.16%,+0.13%,+0.16%,+0.16%,+0.16%,+0.16%,-0.20%,-0.20%,-0.20%,+0.16%,+0.16%,+0.16%,+0.16%,+0.16%,+0.16%,+0.16%,+0.14%,+0.16%,+0.16%,+0.16%,+0.16%,+0.16%,+0.16%,+0.16%,-0.07%,-0.07%,-0.07%,-0.07%,-0.07%,+0.48%,+0.48%,+0.48%,+0.48%,+0.48%,+0.48%,+0.48%,+0.48%,+0.48%,+0.48%,+0.48%,+0.48%,+0.48%,+0.48%,+0.48%,+0.88%,+0.88%,+0.88%,+0.88%,+0.88%,+0.88%,+0.88%,+0.88%,+0.88%,+0.88%,+0.88%,+0.88%,+0.88%,+0.88%,+0.88%,+0.88%,+0.88%,+0.88%,+0.88%,+0.78%,+0.78%,+0.66%,+0.66%,+0.66%,+0.66%,+0.95%,+0.80%,+0.80%,+0.80%,+0.95%,+0.80%,0.00%,0.00%,0.00%,0.00%,+0.99%,+0.94%,+0.94%,+0.99%,+0.87%,+0.68%,+0.68%,+0.54%,+0.54%,+0.69%,+0.71%,+0.64%,+0.36%,+0.37%,+0.38%,+0.47%,+0.38%,+0.55%,+0.47%,+0.62%,+0.55%,+0.67%,+0.67%,+0.67%,+0.60%,+0.68%,+0.71%,+0.71%,+0.69%,+0.82%,+0.86%,+0.84%,+0.83%,+0.85%,+0.94%,+0.97%,+0.93%,+0.99%,+0.99%,+0.98%,+0.97%,+0.97%,+0.96%,+1.02%,+1.02%,+0.98%,+0.95%,+0.94%,+0.94%,+0.94%,+0.94%,+0.97%,+0.96%,+1.04%,+0.97%,+0.94%,+0.94%,+1.02%,+1.02%,+1.02%,+1.04%,+1.00%,+1.00%,+1.00%,+1.04%,+0.98%,+0.91%,+0.97%,+0.91%,+0.92%,+0.87%,+0.91%,+0.92%,+0.81%,+0.74%,+0.74%,+0.74%,+0.68%,+0.74%,+0.69%,+0.69%,+0.68%,+0.65%,+0.64%,+0.60%,+0.59%,+0.61%,+0.60%,+0.58%,+0.61%,+0.02%,-0.03%,-0.03%,-0.07%,-0.07%,-0.07%,-0.07%,+0.19%,-0.10%,-0.10%,+0.19%,+0.19%,+0.19%,+0.19%,+0.19%,+0.19%,+0.19%,+0.19%,+0.19%,+0.19%,+0.19%,+0.19%,+0.19%,+0.19%,+0.19%,+0.19%,+0.19%,+0.19%,+0.19%,+0.19%,+0.19%,+0.19%,+0.19%,+0.19%,+0.19%,+0.19%,+0.19%,+0.19%,+0.19%,-0.07%,+0.19%,-0.07%,-0.07%,-0.07%,-0.07%,-0.07%,-0.07%,-0.07%,-0.07%,-0.07%,-0.07%,-0.07%,0.00%,+0.05%,0.00%,+0.05%,0.00%,+0.02%,0.00%,-0.15%,-0.15%,-0.15%,+0.03%,+0.02%,+0.03%,0.00%,+0.02%,-0.02%,-0.17%,-0.27%,-0.35%,-0.39%,-0.37%,-0.34%,-0.34%,-0.50%,-0.41%,-0.50%,-0.48%,-0.46%,-0.63%,-0.69%,-0.76%,-0.69%,-0.87%
SPDR® S&P Metals and Mining ETF,+0.43%,+0.43%,+0.43%,+0.43%,+0.43%,+0.43%,+0.43%,+0.43%,+0.43%,+0.43%,+0.43%,+0.43%,+0.43%,+0.43%,+0.43%,+0.43%,+0.43%,+0.43%,+0.43%,+0.43%,+0.43%,+0.43%,+0.43%,+0.43%,+0.43%,+0.43%,+0.43%,+0.42%,+0.42%,+0.43%,+0.43%,+0.42%,+0.42%,+0.42%,+0.42%,+0.42%,+0.42%,+0.42%,+0.42%,+0.42%,+0.42%,+0.97%,+0.98%,+1.04%,+0.97%,+0.98%,+0.97%,+0.98%,+0.71%,+0.97%,+0.30%,+0.71%,+0.87%,+0.85%,+0.87%,+0.67%,+0.54%,+0.54%,+1.04%,+0.08%,+0.08%,+0.11%,+1.16%,+0.53%,+0.67%,+0.82%,+0.67%,+1.39%,+0.96%,+0.77%,+0.75%,+0.74%,+0.89%,+0.87%,+0.95%,+0.90%,+1.22%,+1.24%,+1.32%,+1.74%,+1.22%,+2.10%,+1.74%,+1.85%,+1.52%,+1.39%,+1.48%,+1.48%,+1.39%,+2.12%,+1.87%,+1.85%,+2.12%,+1.65%,+1.18%,+1.18%,+1.64%,+1.64%,+1.58%,+1.58%,+1.93%,+1.48%,+2.06%,+2.14%,+2.14%,+2.21%,+2.18%,+2.26%,+2.49%,+2.49%,+3.07%,+2.97%,+2.97%,+2.80%,+2.94%,-0.05%,-0.08%,-0.08%,0.00%,-0.03%,-0.03%,-0.22%,+0.25%,+0.80%,+0.25%,0.00%,+0.25%,0.00%,+0.17%,+0.11%,0.00%,+0.13%,+0.11%,+0.13%,+0.13%,+0.13%,+0.13%,+0.09%,+0.09%,+0.13%,+0.09%,0.00%,+0.09%,+0.09%,0.00%,0.00%,0.00%,-0.02%,-0.01%,-0.01%,-0.01%,-0.02%,-0.01%,-0.02%,-0.05%,-0.06%,-0.06%,-0.06%,-0.06%,-0.06%,-0.06%,-0.06%,-0.06%,0.00%,0.00%,0.00%,0.00%,0.00%,0.00%,0.00%,0.00%,0.00%,0.00%,0.00%,0.00%,0.00%,0.00%,0.00%,0.00%,0.00%,0.00%,0.00%,0.00%,0.00%,0.00%,0.00%,0.00%,0.00%,0.00%,0.00%,0.00%,0.00%,0.00%,0.00%,0.00%,0.00%,0.00%,0.00%,0.00%,0.00%,0.00%,0.00%,0.00%,0.00%,0.00%,0.00%,0.00%,0.00%,0.00%,0.00%,0.00%,0.00%,0.00%,0.00%,0.00%,0.00%,-0.13%,-0.12%,0.00%,-0.12%,-0.12%,-0.11%,-0.59%,-0.96%,-0.97%,-0.96%,-0.96%,-1.20%,-1.20%,-1.16%,-1.08%,-1.03%,-1.08%,-0.67%,-0.67%,-0.24%,-0.14%,-0.08%,+0.15%,+0.32%,+0.29%,+0.28%,+0.29%,+0.21%,+0.29%,+0.63%,+0.57%,+0.66%,+0.77%,+1.05%,+1.09%,+0.77%,+1.01%,+1.32%,+1.42%,+1.32%,+1.29%,+1.19%,+1.11%,+0.93%,+0.70%,+0.48%,+0.62%,+0.61%,+0.48%,+0.61%,+0.66%,+0.59%,+0.59%,+0.61%,+0.72%,+0.88%,+0.88%,+0.65%,+0.78%,+0.61%,+0.76%,+0.60%,+0.76%,+0.85%,+0.75%,+0.85%,+0.85%,+0.85%,+0.80%,+0.91%,+0.91%,+0.91%,+1.01%,+1.10%,+1.10%,+0.89%,+0.98%,+0.69%,+0.89%,+0.56%,+0.75%,+0.63%,+0.69%,+0.54%,+0.46%,+0.63%,+0.46%,+0.07%,+0.46%,+0.53%,+0.53%,+0.23%,+1.14%,+0.59%,+0.59%,+0.62%,+1.14%,-0.13%,+0.04%,-0.16%,+0.01%,-0.13%,+0.37%,+0.37%,+0.37%,+0.37%,+0.37%,+0.37%,+0.37%,+0.37%,+0.37%,+0.37%,+0.37%,+0.37%,+0.37%,+0.37%,+0.37%,+0.37%,+0.37%,+0.37%,+0.37%,+0.37%,+0.37%,+0.37%,+0.37%,+0.37%,+0.37%,+0.37%,+0.37%,+0.37%,+0.37%,+0.37%,+0.37%,+0.26%,+0.37%,+0.26%,+0.26%,+0.26%,+0.26%,+0.26%,+0.26%,+0.26%,+0.26%,+0.26%,+0.26%,+0.26%,0.00%,0.00%,-0.40%,-0.77%,0.00%,-0.82%,-0.57%,-0.57%,-0.64%,-0.62%,-0.40%,-0.61%,-0.62%,-0.58%,-0.58%,-0.62%,-0.40%,-0.71%,-1.05%,-0.85%,-0.40%,-0.82%,-0.85%,-0.18%,+0.08%,-0.15%,+0.42%,+0.55%,-1.08%,-1.59%,-1.59%,-1.08%,-1.59%
The Energy Select Sector SPDR® Fund,-0.06%,-0.06%,-0.06%,-0.06%,-0.06%,+0.26%,-0.06%,+0.30%,+0.38%,+0.53%,+0.53%,+0.55%,+0.55%,+0.72%,+0.53%,+0.85%,+0.85%,+0.70%,+0.94%,+0.94%,+0.83%,+0.74%,+0.74%,+0.83%,+0.74%,+0.74%,+0.64%,+0.64%,+0.60%,+0.74%,+0.60%,+0.60%,+0.60%,+0.47%,+0.45%,+0.45%,+0.55%,+0.57%,+0.57%,+0.57%,+0.61%,+0.49%,+0.57%,+0.62%,+0.62%,+0.60%,+0.74%,+0.64%,+0.74%,+0.62%,+0.58%,+0.54%,+0.54%,+0.60%,+0.60%,+0.51%,+0.51%,+0.51%,+1.65%,+2.17%,+1.90%,+1.90%,+2.14%,+1.96%,+2.11%,+2.11%,+2.11%,+2.17%,+1.97%,+1.98%,+1.80%,+1.98%,+1.77%,+1.80%,+1.67%,+1.77%,+1.99%,+2.20%,+2.15%,+2.33%,+2.33%,+2.59%,+2.45%,+2.20%,+2.59%,+2.13%,+2.22%,+2.20%,+2.21%,+2.39%,+2.35%,+2.38%,+2.35%,+2.33%,+2.33%,+2.15%,+2.15%,+2.27%,+2.24%,+2.27%,+2.18%,+2.16%,+2.17%,+2.35%,+2.70%,+2.70%,+2.67%,+2.71%,+2.65%,+2.57%,+2.33%,+2.09%,+1.95%,+2.61%,+1.96%,+0.10%,+0.19%,+0.10%,+0.08%,-0.17%,+0.08%,+0.12%,+0.14%,+0.14%,+0.14%,+0.21%,+0.17%,+0.17%,+0.23%,+0.21%,+0.35%,+0.21%,+0.27%,+0.21%,+0.19%,+0.20%,+0.19%,+0.27%,+0.35%,+0.25%,+0.26%,+0.27%,+0.25%,+0.26%,+0.26%,+0.27%,+0.25%,+0.19%,+0.23%,+0.25%,+0.25%,+0.19%,+0.25%,+0.25%,+0.25%,+0.19%,+0.23%,+0.27%,+0.27%,+0.27%,+0.19%,-0.02%,+0.19%,-0.02%,-0.12%,-0.17%,-0.08%,-0.08%,-0.17%,-0.17%,-0.42%,-0.37%,-0.37%,-0.37%,-0.56%,-0.37%,-0.73%,-0.73%,-0.85%,-0.56%,-0.96%,-0.85%,-0.96%,-0.96%,-0.92%,-0.92%,-0.92%,-0.73%,-0.92%,-0.73%,-0.73%,-0.73%,-0.73%,-0.67%,-0.56%,-0.54%,-0.56%,-0.56%,-0.54%,-0.71%,-0.71%,-0.58%,-0.44%,-0.44%,-0.46%,-0.46%,-0.50%,-0.58%,-0.50%,-0.46%,-0.69%,-0.75%,-0.58%,-0.89%,-0.96%,-0.96%,-0.96%,-1.00%,-1.00%,-0.81%,-1.00%,-0.81%,-0.89%,-1.12%,-0.83%,-1.14%,-0.96%,-1.08%,-0.87%,-0.87%,-0.96%,-0.96%,-1.28%,-0.96%,-1.15%,-1.04%,-1.05%,-0.75%,-1.03%,-0.51%,-0.51%,-0.52%,-0.74%,-0.83%,-0.93%,-0.93%,-0.93%,-0.43%,-0.46%,-0.31%,-0.31%,-0.46%,-0.30%,-0.28%,-0.18%,-0.19%,-0.07%,-0.11%,-0.12%,-0.18%,-0.17%,-0.18%,-0.05%,-0.18%,-0.06%,-0.18%,-0.36%,-0.25%,-0.36%,-0.30%,-0.20%,-0.14%,-0.36%,-0.19%,-0.47%,-0.14%,-0.36%,-0.47%,-0.43%,-0.43%,-0.45%,-0.43%,-0.49%,-0.48%,-0.47%,-0.56%,-0.44%,-0.56%,-0.56%,-0.37%,-0.32%,-0.56%,-0.43%,-0.43%,-0.91%,-0.87%,-0.71%,-0.84%,-0.74%,-0.74%,-0.74%,-0.81%,-0.81%,-0.74%,-0.84%,-0.85%,-0.77%,-0.84%,-0.77%,-0.84%,-0.08%,-0.84%,-0.08%,-0.04%,-0.01%,+0.04%,-0.04%,+0.13%,+0.17%,+0.15%,+0.67%,+0.67%,+0.65%,+0.63%,+0.63%,+0.63%,+0.63%,+0.63%,+0.65%,+0.63%,+0.65%,+0.61%,+0.61%,+0.61%,+0.61%,+0.61%,+0.61%,+0.65%,+0.65%,+0.53%,+0.65%,+0.53%,+0.53%,+0.55%,+0.44%,+0.44%,+0.44%,+0.55%,+0.44%,+0.40%,+0.44%,+0.40%,+0.40%,+0.40%,+0.40%,+0.48%,+0.48%,+0.42%,+0.42%,+0.42%,+0.36%,+0.34%,+0.36%,+0.23%,+0.36%,+0.27%,+0.21%,+0.27%,+0.25%,+0.23%,+0.23%,+0.27%,+0.25%,+0.23%,+0.25%,+0.17%,+0.13%,+0.17%,+0.13%,+0.13%,-0.04%,+0.17%,+0.04%,+0.17%,-0.06%,+0.12%,-0.02%,+0.14%,+0.27%,+0.33%,+0.27%,+0.06%,+0.27%,+0.06%,+0.02%
The Consumer Staples Select Sector SPDR® Fund,-0.01%,-0.01%,-0.01%,-0.01%,-0.01%,-0.01%,-0.01%,-0.01%,-0.01%,-0.01%,-0.01%,-0.01%,-0.01%,-0.01%,-0.01%,-0.01%,-0.01%,-0.01%,-0.01%,-0.01%,-0.01%,-0.01%,-0.01%,-0.01%,-0.01%,-0.01%,-0.06%,-0.06%,-0.06%,-0.06%,-0.06%,-0.06%,-0.06%,-0.06%,-0.06%,-0.06%,-0.06%,-0.06%,-0.06%,-0.06%,-0.04%,0.00%,-0.02%,-0.01%,-0.05%,-0.02%,-0.02%,-0.05%,-0.02%,-0.04%,-0.02%,-0.02%,-0.06%,-0.02%,-0.04%,-0.04%,-0.04%,+0.02%,+0.69%,+0.82%,+0.53%,+0.63%,+0.84%,+0.97%,+0.84%,+0.84%,+0.83%,+0.94%,+0.85%,+0.79%,+0.73%,+0.80%,+0.73%,+0.76%,+0.89%,+0.82%,+0.78%,+0.78%,+0.88%,+1.02%,+0.86%,+1.11%,+1.19%,+1.13%,+1.07%,+1.10%,+1.08%,+1.08%,+1.08%,+1.08%,+1.08%,+1.13%,+1.14%,+1.14%,+1.13%,+1.08%,+1.18%,+1.14%,+1.13%,+1.18%,+1.13%,+1.21%,+1.16%,+1.22%,+1.23%,+1.25%,+1.23%,+1.15%,+1.29%,+1.15%,+1.43%,+1.26%,+1.29%,+1.25%,+1.26%,-0.25%,-0.04%,-0.02%,-0.04%,-0.02%,-0.04%,0.00%,-0.11%,-0.11%,0.00%,0.00%,0.00%,0.00%,-0.01%,-0.01%,-0.01%,-0.01%,-0.01%,-0.01%,-0.01%,-0.13%,-0.13%,-0.13%,-0.13%,-0.13%,-0.02%,-0.02%,-0.02%,-0.16%,-0.16%,-0.16%,-0.16%,-0.10%,-0.16%,-0.10%,-0.10%,-0.10%,-0.10%,-0.16%,-0.16%,-0.10%,-0.16%,-0.16%,-0.10%,-0.10%,-0.10%,-0.10%,-0.10%,-0.10%,-0.10%,-0.10%,-0.10%,-0.10%,-0.10%,-0.10%,-0.15%,-0.15%,-0.15%,-0.15%,-0.18%,-0.18%,-0.18%,-0.18%,-0.18%,-0.18%,-0.18%,-0.18%,-0.26%,-0.28%,-0.26%,-0.22%,-0.22%,-0.22%,-0.21%,-0.21%,-0.21%,-0.21%,-0.21%,-0.21%,-0.21%,-0.21%,-0.21%,-0.21%,-0.21%,-0.21%,-0.21%,-0.21%,-0.21%,-0.21%,-0.21%,-0.21%,-0.21%,-0.40%,-0.40%,-0.40%,-0.40%,-0.34%,-0.34%,-0.40%,-0.40%,-0.34%,0.00%,-0.34%,0.00%,-0.34%,-0.67%,-0.67%,-0.64%,-0.64%,-0.54%,-0.67%,-0.38%,-0.38%,-0.38%,-0.50%,-0.50%,-0.48%,-0.38%,-0.38%,-0.40%,-0.24%,-0.26%,-0.31%,-0.40%,-0.28%,-0.28%,-0.23%,-0.01%,-0.01%,+0.06%,+0.07%,+0.08%,+0.10%,+0.10%,+0.10%,+0.04%,+0.07%,+0.12%,+0.07%,+0.13%,+0.19%,+0.21%,+0.17%,+0.13%,+0.09%,+0.17%,+0.09%,+0.01%,-0.02%,+0.03%,+0.03%,+0.07%,+0.06%,+0.04%,+0.08%,+0.08%,+0.21%,+0.11%,+0.14%,+0.23%,+0.23%,+0.18%,+0.23%,+0.15%,+0.17%,+0.22%,+0.16%,+0.16%,+0.21%,+0.14%,+0.16%,+0.19%,+0.16%,+0.19%,+0.25%,+0.29%,+0.29%,+0.22%,+0.25%,+0.27%,+0.29%,+0.31%,+0.31%,+0.30%,+0.18%,+0.21%,+0.23%,+0.18%,+0.14%,+0.17%,+0.13%,+0.17%,+0.12%,+0.18%,+0.12%,+0.02%,+0.15%,+0.17%,+0.16%,+0.16%,+0.16%,+0.16%,-0.09%,+0.16%,-0.09%,+0.10%,+0.10%,+0.10%,+0.10%,+0.10%,+0.10%,+0.10%,+0.10%,+0.10%,+0.10%,+0.10%,+0.10%,+0.10%,+0.10%,+0.10%,+0.10%,+0.10%,+0.10%,+0.10%,+0.10%,+0.10%,+0.10%,+0.10%,+0.10%,+0.10%,+0.10%,+0.10%,+0.10%,+0.10%,+0.10%,+0.10%,+0.10%,+0.10%,+0.10%,+0.10%,+0.10%,+0.10%,+0.10%,+0.10%,+0.10%,+0.10%,0.00%,0.00%,-0.33%,0.00%,0.00%,-0.25%,0.00%,-0.34%,-0.35%,-0.34%,-0.22%,-0.34%,-0.28%,-0.28%,-0.32%,-0.32%,-0.33%,-0.42%,-0.20%,-0.20%,-0.64%,-0.64%,-0.67%,-0.66%,-0.61%,-0.75%,-0.66%,-0.66%,-0.61%,-0.55%,-0.59%,-0.63%,-0.51%,-0.47%
The Financial Select Sector SPDR® Fund,+0.09%,+0.09%,+0.09%,+0.09%,+0.09%,+0.09%,+0.09%,+0.09%,+0.09%,+0.09%,+0.02%,+0.02%,+0.02%,+0.02%,+0.02%,-0.07%,+0.02%,+0.02%,-0.07%,-0.07%,-0.09%,-0.07%,-0.07%,0.00%,-0.07%,-0.07%,-0.07%,-0.07%,-0.07%,-0.07%,-0.07%,-0.07%,-0.07%,-0.07%,-0.07%,-0.07%,-0.02%,-0.02%,-0.02%,-0.07%,-0.11%,-0.02%,-0.11%,-0.15%,-0.11%,-0.11%,-0.15%,-0.28%,-0.15%,-0.26%,-0.24%,-0.15%,-0.26%,-0.20%,-0.24%,-0.28%,-0.28%,-0.28%,-0.32%,-0.39%,-0.52%,-0.37%,-0.56%,-0.56%,-0.70%,-0.70%,-0.80%,-0.70%,-0.64%,-0.64%,-0.73%,-0.64%,-0.74%,-0.68%,-0.75%,-0.64%,-0.74%,-0.74%,-0.64%,-0.47%,-0.38%,-0.47%,-0.53%,-0.45%,-0.43%,-0.80%,-0.85%,-0.93%,-0.93%,-0.88%,-0.88%,-0.89%,-0.93%,-0.89%,-0.89%,-0.90%,-0.67%,-0.89%,-0.82%,-0.71%,-0.66%,-0.64%,-0.62%,-0.68%,-0.64%,-0.58%,-0.59%,-0.57%,-0.54%,-0.54%,-0.24%,-0.26%,-0.29%,-0.25%,-0.26%,-0.09%,-0.15%,-0.17%,-0.17%,-0.11%,-0.17%,-0.13%,-0.15%,-0.20%,-0.13%,-0.13%,-0.15%,-0.17%,-0.17%,-0.18%,-0.17%,-0.25%,-0.17%,-0.17%,-0.17%,-0.17%,-0.17%,-0.21%,-0.21%,-0.18%,-0.21%,-0.19%,-0.21%,-0.13%,-0.18%,-0.16%,-0.15%,-0.17%,-0.17%,-0.17%,-0.26%,-0.24%,-0.27%,-0.26%,-0.28%,-0.24%,-0.28%,-0.28%,-0.28%,-0.04%,-0.04%,-0.04%,-0.20%,-0.20%,-0.20%,-0.20%,-0.20%,-0.04%,-0.04%,-0.02%,+0.07%,+0.07%,+0.07%,+0.07%,+0.07%,+0.07%,+0.07%,+0.07%,-0.02%,-0.02%,-0.02%,-0.02%,-0.02%,-0.02%,-0.02%,-0.02%,-0.02%,-0.02%,-0.02%,-0.02%,-0.02%,-0.02%,-0.02%,-0.02%,-0.02%,-0.02%,-0.02%,-0.02%,-0.02%,-0.02%,-0.02%,+0.06%,+0.06%,+0.06%,+0.06%,+0.06%,+0.06%,-0.06%,-0.06%,-0.06%,-0.06%,-0.06%,-0.06%,0.00%,0.00%,+0.02%,0.00%,-0.02%,-0.02%,0.00%,+0.07%,+0.04%,+0.04%,+0.07%,-0.07%,0.00%,-0.07%,-0.07%,-0.06%,0.00%,-0.06%,+0.06%,+0.06%,+0.80%,+0.24%,+0.54%,+0.77%,+0.41%,+0.53%,+0.73%,+0.73%,+0.88%,+0.96%,+0.76%,+0.99%,+0.99%,+0.96%,+0.91%,+0.96%,+0.98%,+0.98%,+0.95%,+0.95%,+0.77%,+0.75%,+0.76%,+0.82%,+0.75%,+0.77%,+0.76%,+0.72%,+0.77%,+0.75%,+0.76%,+0.83%,+0.73%,+0.71%,+0.66%,+0.71%,+0.72%,+0.67%,+0.66%,+0.70%,+0.75%,+0.64%,+0.60%,+0.62%,+0.60%,+0.58%,+0.60%,+0.58%,+0.61%,+0.62%,+0.66%,+0.65%,+0.59%,+0.64%,+0.69%,+0.69%,+0.59%,+0.72%,+0.74%,+0.57%,+0.56%,+0.67%,+0.59%,+0.47%,+0.50%,+0.45%,+0.37%,+0.39%,+0.38%,+0.27%,+0.27%,+0.36%,+0.27%,+0.37%,+0.33%,+0.33%,+0.36%,+0.38%,-0.14%,-0.12%,-0.10%,-0.13%,-0.15%,-0.12%,-0.15%,-0.15%,-0.17%,+0.18%,+0.18%,+0.18%,+0.18%,+0.18%,+0.20%,+0.20%,+0.20%,+0.20%,+0.20%,+0.22%,+0.22%,+0.22%,+0.20%,+0.22%,+0.22%,+0.22%,+0.22%,+0.22%,+0.22%,+0.22%,+0.22%,+0.22%,+0.22%,+0.22%,+0.22%,+0.22%,+0.22%,+0.22%,+0.22%,+0.22%,+0.22%,+0.22%,+0.22%,+0.22%,0.00%,0.00%,0.00%,0.00%,0.00%,-0.09%,-0.15%,-0.13%,-0.11%,-0.15%,+0.04%,-0.11%,+0.05%,-0.07%,+0.06%,+0.07%,+0.06%,+0.13%,+0.06%,0.01%,0.00%,0.01%,0.01%,+0.07%,+0.17%,+0.07%,+0.17%,0.00%,-0.03%,-0.08%,-0.05%,-0.09%,+0.03%,+0.13%,+0.12%,+0.23%,+0.13%,+0.19%,+0.05%,+0.03%
iShares MSCI Brazil ETF,"-0,91%","-0,91%","-0,91%","-0,91%","-0,91%","-0,91%","-0,91%","+0,09%","+0,09%","+0,09%","+0,09%","+0,09%","+0,09%","+0,09%","-0,03%","-0,03%","-0,03%","-0,03%","-0,03%","-0,03%","-0,03%","-0,03%","-0,03%","-0,03%","0,00%","0,00%","0,00%","+0,18%","+0,21%","+0,49%","+0,37%","+0,37%","+0,37%","+0,37%","+0,37%","+0,37%","+0,37%","+0,37%","+0,52%","+0,64%","+0,64%","+0,74%","+1,04%","+0,89%","+0,89%","+0,89%","+0,89%","+0,89%","+1,04%","+1,01%","+0,80%","+0,49%","+0,37%","+0,12%","+0,12%","+0,46%","+0,46%","+0,61%","+0,92%","+0,92%","+0,92%","+0,92%","+0,98%","+1,07%","+0,97%","+0,98%","+0,95%","+0,98%","+0,95%","+0,77%","+0,89%","+0,81%","+0,58%","+0,54%","+0,64%","+0,64%","+0,69%","+0,80%","+0,80%","+0,89%","+0,98%","+1,01%","+1,01%","+1,01%","+0,92%","+1,01%","+0,95%","+0,98%","+1,01%","+1,09%","+1,04%","+1,03%","+1,13%","+0,98%","+0,86%","+0,86%","+0,89%","+0,83%","+0,89%","+0,86%","+0,86%","+0,89%","+0,92%","+0,98%","+1,03%","+1,04%","+0,92%","+1,04%","+1,07%","+1,04%","+1,16%","+1,55%","+1,56%","+1,56%","+1,62%","+0,03%","+0,03%","+0,06%","-0,03%","-0,03%","-0,03%","-0,03%","+0,03%","+0,03%","+0,03%","0,00%","0,00%","0,00%","0,00%","0,00%","0,00%","0,00%","0,00%","0,00%","0,00%","0,00%","0,00%","0,00%","0,00%","+0,06%","+0,06%","+0,06%","+0,06%","+0,06%","+0,06%","+0,27%","+0,27%","+0,27%","+0,27%","+0,27%","+0,27%","+0,27%","+0,27%","+0,27%","+0,27%","+0,27%","+1,62%","+1,62%","+1,62%","+1,62%","+1,62%","+1,62%","+1,62%","+1,62%","+1,62%","+1,62%","+1,62%","+1,62%","+1,62%","+1,62%","+1,62%","+1,62%","+1,62%","+1,62%","+1,62%","+1,62%","+1,62%","+1,62%","+1,62%","+1,62%","+1,62%","+0,39%","+0,39%","+0,39%","+0,39%","+0,39%","+0,51%","+0,57%","+0,57%","+0,57%","+0,57%","+0,57%","+0,57%","+0,57%","+0,57%","+0,57%","+0,57%","+0,57%","+0,57%","+0,57%","+0,57%","+0,30%","+0,27%","+0,12%","+0,30%","+0,21%","+0,21%","+0,21%","+0,21%","+0,21%","+0,21%","+0,21%","+0,21%","+0,21%","+0,42%","+0,30%","+0,30%","+0,30%","+0,30%","+0,09%","-0,03%","-0,03%","-0,06%","-0,03%","-0,03%","+0,03%","+0,03%","+0,03%","+0,03%","+0,03%","0,00%","+0,06%","0,00%","-0,09%","-0,21%","-0,15%","-0,21%","-0,29%","+0,15%","+0,15%","+0,18%","+0,18%","+0,24%","+0,15%","+0,30%","+0,27%","+0,36%","+0,39%","+0,42%","+0,42%","+0,45%","+0,42%","+0,41%","+0,48%","+0,45%","+0,51%","+0,54%","+0,69%","+0,69%","+0,74%","+0,77%","+0,77%","+0,81%","+0,80%","+0,87%","+0,84%","+0,78%","+0,83%","+0,77%","+0,77%","+0,86%","+0,89%","+0,81%","+0,84%","+0,95%","+1,24%","+1,18%","+1,13%","+1,12%","+1,18%","+1,12%","+1,15%","+1,15%","+1,13%","+1,15%","+1,19%","+1,15%","+1,15%","+1,06%","+1,00%","+0,93%","+0,97%","+0,87%","+0,86%","+0,75%","+0,78%","+0,72%","+0,65%","+0,59%","+0,59%","+0,57%","+0,57%","+0,54%","+0,57%","+0,54%","+0,51%","+0,57%","+0,53%","+0,47%","+0,51%","+0,19%","+0,19%","+0,21%","+0,12%","+0,12%","+0,12%","+0,12%","+0,12%","+0,12%","+0,12%","+0,60%","+0,60%","+0,60%","+0,60%","+0,60%","+0,60%","+0,60%","+0,60%","+0,60%","+0,27%","+0,27%","+0,27%","+0,27%","+0,27%","+0,27%","+0,27%","+0,27%","+0,27%","+0,27%","+0,27%","+0,27%","+0,27%","+0,27%","+0,27%","+0,27%","+0,27%","+0,27%","+0,27%","+0,27%","+0,21%","+0,21%","+0,21%","+0,21%","+0,21%","+0,21%","+0,21%","+0,21%","+0,21%","+0,18%","+0,18%","+0,18%","+0,18%","+0,03%","+0,03%","+0,15%","+0,06%","-0,03%","-0,03%","+0,06%","+0,06%","-0,15%","-0,15%","-0,33%","-0,33%","-0,33%","-0,27%","-0,45%","-0,69%","-0,60%","-0,96%","-0,85%","-0,81%","-0,69%","-0,66%","-0,69%","-0,66%","-0,66%","-0,69%","-0,75%","-0,82%","-0,96%","-1,11%","-1,14%","-1,32%","-1,08%"
The Global Dow USD,+0.27%,+0.28%,+0.28%,+0.27%,+0.27%,+0.28%,+0.27%,+0.27%,+0.25%,+0.25%,+0.25%,+0.25%,+0.24%,+0.24%,+0.23%,+0.23%,+0.21%,+0.21%,+0.20%,+0.21%,+0.21%,+0.22%,+0.21%,+0.20%,+0.20%,+0.20%,+0.22%,+0.21%,+0.22%,+0.22%,+0.22%,+0.23%,+0.24%,+0.25%,+0.24%,+0.25%,+0.24%,+0.25%,+0.27%,+0.27%,+0.24%,+0.27%,+0.24%,+0.24%,+0.24%,+0.23%,+0.25%,+0.25%,+0.23%,+0.25%,+0.25%,+0.24%,+0.25%,+0.28%,+0.28%,+0.27%,+0.25%,+0.29%,+0.26%,+0.33%,+0.37%,+0.30%,+0.31%,+0.36%,+0.27%,+0.27%,+0.28%,+0.35%,+0.26%,+0.20%,+0.21%,+0.25%,+0.21%,+0.17%,+0.13%,+0.21%,+0.23%,+0.25%,+0.26%,+0.28%,+0.38%,+0.44%,+0.37%,+0.35%,+0.31%,+0.21%,+0.19%,+0.24%,+0.22%,+0.25%,+0.19%,+0.19%,+0.23%,+0.19%,+0.17%,+0.17%,+0.21%,+0.17%,+0.16%,+0.16%,+0.16%,+0.22%,+0.21%,+0.23%,+0.24%,+0.21%,+0.22%,+0.20%,+0.23%,+0.28%,+0.39%,+0.45%,+0.40%,+0.44%,+0.44%,+0.49%,+0.48%,+0.48%,+0.49%,+0.49%,+0.49%,+0.49%,0.00%,+0.49%,0.00%,0.00%,0.00%,0.00%,0.00%,0.00%,0.00%,0.00%,0.00%,0.00%,0.00%,0.00%,0.00%,0.00%,0.00%,0.00%,0.00%,0.00%,0.00%,0.00%,-0.01%,-0.01%,0.00%,-0.01%,-0.01%,-0.01%,-0.01%,-0.01%,+0.00%,-0.01%,+0.00%,+0.00%,-0.01%,+0.02%,+0.03%,+0.02%,+0.02%,+0.02%,+0.01%,-0.01%,+0.00%,+0.00%,-0.03%,-0.01%,+0.03%,+0.03%,+0.11%,+0.13%,+0.14%,+0.15%,+0.15%,+0.15%,+0.15%,+0.13%,+0.13%,+0.13%,+0.13%,+0.15%,+0.14%,+0.14%,+0.15%,+0.15%,+0.15%,+0.17%,+0.17%,+0.17%,+0.16%,+0.15%,+0.15%,+0.14%,+0.14%,+0.14%,+0.15%,+0.17%,+0.14%,+0.13%,+0.13%,+0.13%,+0.13%,+0.13%,+0.13%,+0.12%,+0.13%,+0.14%,+0.12%,+0.15%,+0.15%,+0.12%,+0.12%,+0.12%,+0.10%,+0.12%,+0.10%,+0.10%,+0.09%,+0.10%,+0.10%,+0.09%,+0.09%,+0.06%,+0.03%,+0.04%,+0.04%,+0.05%,+0.05%,+0.05%,+0.06%,+0.06%,+0.06%,+0.07%,+0.20%,+0.11%,+0.07%,+0.12%,+0.14%,+0.10%,+0.10%,+0.13%,+0.10%,+0.13%,+0.09%,+0.14%,+0.15%,+0.17%,+0.14%,+0.13%,+0.24%,+0.24%,+0.24%,+0.23%,+0.28%,+0.31%,+0.30%,+0.30%,+0.30%,+0.28%,+0.29%,+0.25%,+0.26%,+0.26%,+0.26%,+0.26%,+0.27%,+0.26%,+0.24%,+0.24%,+0.26%,+0.27%,+0.28%,+0.24%,+0.27%,+0.25%,+0.25%,+0.24%,+0.24%,+0.22%,+0.28%,+0.30%,+0.27%,+0.29%,+0.28%,+0.25%,+0.24%,+0.24%,+0.26%,+0.27%,+0.27%,+0.26%,+0.18%,+0.20%,+0.24%,+0.18%,+0.18%,+0.18%,+0.12%,+0.16%,+0.14%,+0.14%,+0.10%,+0.05%,+0.06%,+0.06%,+0.06%,+0.04%,+0.02%,+0.03%,+0.02%,+0.05%,+0.04%,+0.06%,+0.06%,+0.06%,+0.06%,+0.06%,+0.07%,+0.07%,-0.01%,0.00%,+0.00%,0.00%,0.00%,0.00%,+0.01%,+0.02%,+0.02%,+0.02%,+0.03%,+0.02%,+0.05%,+0.04%,+0.03%,+0.04%,+0.04%,+0.03%,+0.05%,+0.05%,+0.07%,+0.06%,+0.05%,+0.04%,+0.03%,+0.03%,+0.03%,+0.03%,+0.01%,+0.03%,+0.00%,0.00%,0.00%,0.00%,0.00%,-0.01%,+0.00%,+0.01%,+0.01%,+0.01%,+0.00%,+0.01%,+0.01%,+0.02%,+0.00%,-0.01%,+0.00%,+0.00%,+0.00%,+0.00%,+0.01%,-0.01%,+0.01%,-0.01%,-0.03%,-0.01%,-0.03%,-0.03%,-0.03%,+0.01%,+0.04%,-0.04%,-0.17%,-0.18%,-0.26%,-0.23%,-0.26%,-0.15%,-0.23%,-0.17%,-0.20%,-0.20%,-0.30%,-0.28%,-0.36%
Dow Jones Futuros,-0.15%,-0.16%,-0.15%,-0.16%,-0.15%,-0.16%,-0.17%,-0.17%,-0.19%,-0.20%,-0.29%,-0.28%,-0.26%,-0.19%,-0.32%,-0.33%,-0.33%,-0.34%,-0.39%,-0.39%,-0.33%,-0.32%,-0.32%,-0.30%,-0.31%,-0.32%,-0.31%,-0.34%,-0.33%,-0.34%,-0.34%,-0.30%,-0.29%,-0.31%,-0.23%,-0.29%,-0.21%,-0.24%,-0.20%,-0.28%,-0.27%,-0.29%,-0.32%,-0.30%,-0.29%,-0.28%,-0.32%,-0.27%,-0.33%,-0.31%,-0.34%,-0.38%,-0.33%,-0.32%,-0.36%,-0.34%,-0.31%,-0.34%,-0.31%,-0.34%,-0.14%,-0.25%,-0.15%,-0.24%,-0.32%,-0.40%,-0.40%,-0.30%,-0.37%,-0.29%,-0.20%,-0.30%,-0.52%,-0.52%,-0.58%,-0.51%,-0.51%,-0.58%,-0.61%,-0.57%,-0.51%,-0.53%,-0.26%,-0.24%,-0.27%,-0.24%,-0.35%,-0.63%,-0.65%,-0.58%,-0.56%,-0.54%,-0.52%,-0.59%,-0.60%,-0.63%,-0.60%,-0.62%,-0.62%,-0.63%,-0.58%,-0.53%,-0.48%,-0.58%,-0.47%,-0.49%,-0.45%,-0.45%,-0.45%,-0.52%,-0.32%,-0.12%,-0.14%,-0.13%,-0.20%,-0.14%,-0.16%,-0.16%,-0.17%,-0.17%,-0.17%,-0.15%,-0.26%,-0.21%,-0.21%,-0.21%,-0.21%,-0.21%,-0.21%,-0.21%,-0.21%,-0.21%,-0.21%,-0.21%,-0.10%,-0.16%,-0.13%,-0.13%,-0.10%,-0.16%,-0.20%,-0.15%,-0.15%,-0.15%,-0.15%,-0.15%,-0.13%,-0.14%,-0.14%,-0.14%,-0.15%,-0.16%,-0.14%,-0.14%,-0.14%,-0.13%,-0.14%,-0.15%,-0.15%,-0.08%,-0.09%,-0.10%,-0.07%,-0.09%,-0.17%,-0.15%,-0.07%,-0.07%,-0.07%,-0.07%,-0.05%,+0.04%,+0.04%,+0.04%,+0.04%,+0.07%,+0.12%,+0.11%,+0.12%,+0.11%,+0.06%,+0.06%,+0.11%,+0.09%,+0.08%,+0.07%,+0.08%,+0.09%,+0.11%,+0.09%,+0.12%,+0.12%,+0.12%,+0.12%,+0.12%,+0.12%,+0.12%,+0.13%,+0.13%,+0.11%,+0.08%,+0.09%,+0.07%,+0.08%,+0.05%,+0.04%,+0.07%,+0.04%,+0.09%,+0.25%,+0.20%,+0.17%,+0.19%,+0.08%,+0.08%,+0.07%,+0.02%,-0.01%,-0.09%,-0.07%,-0.05%,-0.08%,-0.09%,-0.05%,-0.06%,-0.04%,-0.06%,-0.07%,-0.06%,-0.06%,-0.06%,+0.03%,+0.04%,+0.04%,+0.08%,+0.37%,+0.17%,+0.17%,+0.28%,+0.32%,+0.42%,+0.32%,+0.44%,+0.43%,+0.60%,+0.67%,+0.62%,+0.58%,+0.61%,+0.60%,+0.58%,+0.48%,+0.50%,+0.78%,+0.66%,+0.78%,+0.74%,+0.74%,+0.78%,+0.75%,+0.81%,+0.80%,+0.81%,+0.77%,+0.80%,+0.77%,+0.80%,+0.77%,+0.76%,+0.73%,+0.76%,+0.73%,+0.74%,+0.74%,+0.73%,+0.69%,+0.68%,+0.80%,+0.79%,+0.77%,+0.79%,+0.77%,+0.76%,+0.78%,+0.83%,+0.80%,+0.84%,+0.82%,+0.80%,+0.83%,+0.80%,+0.83%,+0.84%,+0.83%,+0.75%,+0.83%,+0.74%,+0.67%,+0.74%,+0.68%,+0.70%,+0.66%,+0.65%,+0.66%,+0.58%,+0.51%,+0.55%,+0.55%,+0.49%,+0.55%,+0.57%,+0.53%,+0.60%,+0.50%,+0.55%,+0.57%,+0.58%,+0.57%,+0.57%,+0.58%,+0.15%,+0.12%,+0.13%,+0.15%,+0.12%,+0.13%,+0.08%,+0.09%,+0.10%,+0.10%,+0.10%,+0.09%,+0.13%,+0.14%,+0.13%,+0.12%,+0.13%,+0.11%,+0.10%,+0.10%,+0.11%,+0.12%,+0.13%,+0.14%,+0.07%,+0.08%,+0.13%,+0.08%,+0.08%,+0.07%,+0.02%,+0.01%,+0.02%,+0.02%,+0.02%,+0.02%,-0.02%,-0.02%,+0.02%,+0.02%,+0.02%,-0.02%,-0.02%,-0.07%,-0.05%,-0.01%,-0.05%,+0.02%,+0.03%,-0.01%,+0.02%,0.00%,+0.02%,+0.01%,+0.03%,+0.01%,0.00%,0.00%,+0.03%,+0.03%,+0.06%,+0.15%,+0.07%,-0.11%,-0.05%,-0.09%,-0.24%,-0.26%,-0.26%,-0.18%,-0.11%,-0.13%,-0.13%,-0.13%,-0.29%
Soja Chicago Futuros,+0.32%,+0.41%,+0.36%,+0.41%,+0.43%,+0.42%,+0.42%,+0.40%,+0.45%,+0.46%,+0.45%,+0.47%,+0.45%,+0.43%,+0.47%,+0.45%,+0.46%,+0.41%,+0.46%,+0.45%,+0.47%,+0.42%,+0.42%,+0.42%,+0.45%,+0.45%,+0.42%,+0.40%,+0.42%,+0.41%,+0.48%,+0.53%,+0.51%,+0.58%,+0.59%,+0.59%,+0.59%,+0.55%,+0.55%,+0.64%,+0.65%,+0.58%,+0.63%,+0.72%,+0.76%,+0.73%,+0.82%,+0.88%,+0.89%,+0.79%,+0.89%,+0.91%,+0.91%,+0.91%,+0.91%,+0.91%,+0.91%,+0.96%,+0.75%,+0.72%,+0.65%,+0.73%,+0.52%,+0.57%,+0.58%,+0.72%,+0.69%,+0.63%,+0.61%,+0.69%,+0.66%,+0.59%,+0.78%,+0.59%,+0.61%,+0.78%,+0.54%,+0.54%,+0.53%,+0.55%,+0.51%,+0.48%,+0.51%,+0.63%,+0.61%,+0.61%,+0.63%,+0.64%,+0.76%,+0.72%,+0.79%,+0.75%,+0.78%,+0.76%,+0.76%,+0.66%,+0.60%,+0.61%,+0.57%,+0.59%,+0.57%,+0.57%,+0.47%,+0.47%,+0.47%,+0.37%,+0.23%,+0.25%,+0.35%,+0.30%,+0.32%,+0.32%,+0.32%,+0.32%,+0.32%,+0.32%,+0.32%,+0.32%,+0.32%,+0.32%,+0.34%,+0.34%,+0.34%,+0.34%,+0.34%,+0.34%,+0.34%,+0.34%,+0.34%,0.00%,0.00%,0.00%,0.00%,0.00%,0.00%,0.00%,0.00%,0.00%,0.00%,0.00%,0.00%,0.00%,0.00%,0.00%,0.00%,0.00%,0.00%,0.00%,0.00%,0.00%,0.00%,0.00%,0.00%,0.00%,0.00%,0.00%,+0.10%,+0.06%,+0.10%,+0.11%,+0.12%,+0.10%,+0.04%,+0.12%,+0.20%,+0.14%,+0.05%,+0.05%,+0.05%,+0.06%,+0.07%,+0.19%,+0.19%,+0.20%,+0.19%,+0.20%,+0.19%,+0.17%,+0.17%,+0.18%,+0.17%,+0.14%,+0.14%,+0.14%,+0.17%,+0.17%,+0.24%,+0.22%,+0.26%,+0.29%,+0.29%,+0.29%,+0.30%,+0.30%,+0.32%,+0.32%,+0.31%,+0.32%,+0.32%,+0.32%,+0.30%,+0.26%,+0.28%,+0.28%,+0.30%,+0.29%,+0.26%,+0.24%,+0.17%,+0.12%,+0.16%,+0.10%,+0.10%,+0.16%,+0.12%,+0.17%,+0.06%,+0.16%,+0.12%,+0.08%,+0.11%,+0.13%,+0.17%,+0.14%,+0.14%,+0.14%,+0.13%,+0.14%,+0.14%,+0.14%,+0.14%,+0.14%,+0.37%,+0.31%,+0.48%,+0.34%,+0.89%,+1.27%,+1.27%,+1.46%,+1.42%,+1.09%,+1.09%,+0.96%,+1.03%,+1.14%,+1.08%,+1.19%,+1.08%,+1.21%,+1.38%,+1.36%,+1.19%,+1.25%,+1.12%,+1.02%,+1.04%,+1.08%,+1.09%,+1.08%,+1.20%,+1.19%,+1.19%,+1.14%,+1.08%,+1.26%,+1.15%,+1.31%,+1.31%,+1.31%,+1.28%,+1.31%,+1.27%,+1.28%,+1.33%,+1.32%,+1.38%,+1.31%,+1.36%,+1.24%,+1.24%,+1.09%,+1.12%,+1.07%,+1.12%,+1.14%,+1.08%,+0.98%,+1.12%,+1.00%,+1.01%,+1.00%,+1.00%,+1.00%,+0.83%,+0.83%,+0.83%,+0.83%,+0.83%,+0.83%,+0.83%,+0.83%,+0.83%,+0.83%,+0.83%,+0.83%,+0.83%,+0.83%,+0.83%,+0.83%,+0.83%,+0.83%,+0.83%,+0.83%,+0.83%,+0.83%,+0.83%,+0.83%,+0.83%,+0.83%,+0.27%,+0.37%,+0.36%,+0.27%,+0.36%,+0.37%,+0.31%,+0.26%,+0.29%,+0.29%,+0.31%,+0.29%,+0.26%,+0.36%,+0.34%,+0.39%,+0.40%,+0.40%,+0.31%,+0.36%,+0.31%,+0.31%,+0.34%,+0.42%,+0.39%,+0.39%,+0.40%,+0.40%,+0.39%,+0.33%,+0.33%,+0.34%,+0.34%,+0.34%,+0.39%,+0.37%,+0.37%,+0.34%,+0.34%,+0.37%,+0.33%,+0.25%,+0.01%,+0.10%,+0.05%,+0.02%,+0.06%,+0.02%,+0.01%,0.00%,+0.01%,-0.01%,-0.01%,-0.01%,0.00%,0.00%,0.00%,0.00%,0.00%,0.00%,-0.33%,-0.29%,-0.34%,-0.17%,-0.29%,-0.12%,-0.26%,-0.05%,-0.14%,+0.07%,-0.04%,0.00%,+0.05%,+0.13%,+0.07%
Oslo All Share,-0.42%,-0.36%,-0.32%,-0.31%,-0.27%,-0.32%,-0.27%,-0.28%,-0.25%,-0.25%,-0.17%,-0.13%,-0.10%,-0.10%,-0.11%,-0.09%,-0.11%,-0.09%,-0.17%,-0.13%,-0.15%,-0.17%,-0.17%,-0.15%,-0.10%,-0.10%,-0.09%,-0.09%,-0.28%,-0.20%,-0.09%,-0.20%,-0.14%,-0.26%,-0.16%,-0.17%,-0.14%,-0.19%,-0.11%,-0.11%,-0.11%,-0.13%,-0.07%,-0.13%,-0.15%,-0.09%,-0.15%,-0.09%,-0.10%,-0.04%,-0.05%,+0.02%,+0.01%,+0.07%,+0.02%,+0.07%,+0.14%,+0.30%,+0.11%,+0.19%,+0.42%,+0.49%,+0.61%,+0.60%,+0.57%,+0.53%,+0.54%,+0.53%,+0.68%,+0.68%,+0.68%,+0.68%,+0.68%,+0.68%,+0.68%,+0.68%,+0.68%,+0.68%,+0.68%,+0.68%,+0.68%,+0.68%,+0.68%,+0.68%,+0.68%,+0.68%,+0.68%,+0.68%,+0.68%,+0.68%,+0.68%,+0.68%,+0.68%,+0.68%,+0.68%,+0.68%,+0.68%,+0.68%,+0.68%,+0.68%,+0.68%,+0.68%,+0.68%,+0.68%,+0.68%,+0.68%,+0.68%,+0.68%,+0.68%,+0.68%,+0.68%,+0.68%,+0.68%,+0.68%,+0.68%,+0.68%,+0.68%,+0.68%,+0.68%,+0.68%,+0.68%,+0.68%,+0.68%,+0.68%,+0.68%,+0.68%,+0.68%,+0.68%,+0.68%,+0.68%,+0.68%,+0.68%,+0.68%,+0.68%,+0.68%,+0.68%,+0.68%,+0.68%,+0.68%,+0.68%,+0.68%,+0.68%,+0.68%,+0.68%,+0.68%,+0.68%,+0.68%,+0.68%,+0.68%,+0.68%,+0.68%,+0.68%,+0.68%,+0.68%,+0.68%,+0.68%,+0.68%,+0.68%,+0.68%,+0.68%,+0.68%,+0.68%,+0.68%,+0.68%,+0.68%,+0.68%,+0.68%,+0.68%,+0.68%,+0.68%,-0.23%,-0.23%,-0.18%,-0.20%,-0.23%,-0.22%,-0.20%,-0.33%,-0.36%,-0.36%,-0.37%,-0.37%,-0.45%,-0.37%,-0.44%,-0.49%,-0.48%,-0.38%,-0.33%,-0.37%,-0.39%,-0.39%,-0.36%,-0.37%,-0.28%,-0.37%,-0.36%,-0.29%,-0.27%,-0.27%,-0.29%,-0.27%,-0.29%,-0.30%,-0.28%,-0.28%,-0.26%,-0.26%,-0.26%,-0.26%,-0.28%,-0.30%,-0.31%,-0.31%,-0.28%,-0.28%,-0.28%,-0.23%,-0.23%,-0.25%,-0.19%,-0.13%,-0.19%,-0.13%,-0.26%,-0.26%,-0.18%,-0.18%,-0.18%,-0.18%,-0.16%,-0.19%,-0.24%,-0.10%,-0.25%,-0.22%,-0.19%,-0.19%,-0.16%,-0.17%,-0.14%,-0.17%,-0.17%,-0.06%,-0.06%,-0.06%,-0.06%,-0.06%,-0.06%,-0.06%,-0.06%,-0.06%,-0.06%,-0.06%,-0.06%,-0.06%,-0.06%,-0.06%,-0.06%,-0.06%,-0.06%,-0.06%,-0.06%,-0.06%,-0.06%,-0.06%,-0.06%,-0.06%,-0.06%,-0.06%,-0.06%,-0.06%,-0.06%,-0.06%,-0.06%,-0.06%,-0.06%,-0.06%,-0.06%,-0.06%,-0.06%,-0.06%,-0.06%,-0.06%,-0.06%,-0.06%,-0.06%,-0.06%,-0.06%,-0.06%,-0.06%,-0.06%,-0.06%,-0.06%,-0.06%,-0.06%,-0.06%,-0.06%,-0.06%,-0.06%,-0.06%,-0.06%,-0.06%,-0.06%,-0.06%,-0.06%,-0.06%,-0.06%,-0.06%,-0.06%,-0.06%,-0.06%,-0.06%,-0.06%,-0.06%,-0.06%,-0.06%,-0.06%,-0.06%,-0.06%,+0.61%,+0.59%,+0.61%,+0.66%,+0.60%,+0.66%,+0.60%,+0.69%,+0.69%,+0.57%,+0.69%,+0.72%,+0.82%,+0.81%,+0.82%,+0.85%,+0.88%,+0.87%,+0.87%,+0.85%,+0.79%,+0.92%,+0.90%,+0.89%,+0.85%,+0.82%,+0.79%,+0.89%,+0.82%,+0.78%,+0.82%,+0.84%,+0.90%,+0.93%,+0.93%,+0.85%,+0.90%,+0.83%,+0.88%,+0.81%,+0.81%,+0.83%,+0.77%,+0.78%,+0.78%,+0.79%,+0.78%,+0.79%,+0.84%,+0.83%,+0.83%,+0.83%,+0.83%,+0.93%,+0.87%,+0.93%,+1.03%,+1.06%,+1.03%,+1.16%,+1.35%,+1.16%,+1.40%,+1.40%,+1.28%,+1.23%,+1.26%,+1.28%,+1.31%,+1.26%,+1.31%,+1.39%,+1.39%,+1.39%,+1.39%
Petróleo WTI Futuros,-0.64%,-0.52%,-0.29%,-0.46%,-0.02%,-0.02%,+0.43%,+0.69%,+0.64%,+0.92%,+0.69%,+0.54%,+1.21%,+0.92%,+1.39%,+1.11%,+1.46%,+1.39%,+1.19%,+1.03%,+1.05%,+1.05%,+1.06%,+1.28%,+1.44%,+1.11%,+1.14%,+1.13%,+1.01%,+0.88%,+0.87%,+0.62%,+0.93%,+0.67%,+0.64%,+0.77%,+0.90%,+1.13%,+1.05%,+1.29%,+1.49%,+1.49%,+1.19%,+1.11%,+1.03%,+1.13%,+1.31%,+1.31%,+1.06%,+0.92%,+1.10%,+1.08%,+1.08%,+0.96%,+0.77%,+1.06%,+0.98%,+0.90%,+0.92%,+0.87%,+0.74%,+0.96%,+0.80%,+0.96%,+0.96%,+0.59%,+0.75%,+0.75%,+1.11%,+0.74%,+0.85%,+0.87%,+0.70%,+0.85%,+0.72%,+0.74%,+0.87%,+0.75%,+0.74%,+0.70%,+0.56%,+0.67%,+0.52%,+0.62%,+0.51%,+1.01%,+1.01%,+0.83%,+0.98%,+0.98%,+1.06%,+1.08%,+1.21%,+1.39%,+1.24%,+1.16%,+1.28%,+0.96%,+1.05%,+1.05%,+1.18%,+0.90%,+0.92%,+0.93%,+0.88%,+1.03%,+0.83%,+1.01%,+1.00%,+1.08%,-1.70%,-2.78%,-3.04%,-1.62%,-1.50%,-1.65%,-1.55%,-1.28%,-1.10%,-1.03%,-1.05%,+0.11%,-0.29%,+0.03%,-0.16%,-0.16%,-0.16%,-0.16%,-0.16%,-0.16%,+1.54%,+1.54%,-0.16%,+1.54%,-0.44%,-0.07%,-0.28%,-0.69%,-0.44%,-0.54%,-0.54%,-0.61%,-0.49%,-0.49%,-0.62%,-0.51%,-1.85%,-0.43%,-1.87%,-1.79%,-1.77%,-1.81%,-1.77%,-1.81%,-1.76%,-1.66%,-1.64%,-2.47%,-2.52%,-2.68%,-2.50%,-2.55%,-2.63%,-2.66%,-2.68%,-2.68%,-2.84%,-2.71%,-2.72%,-2.71%,-3.26%,-3.35%,-3.29%,-3.51%,-3.61%,-3.61%,-3.29%,-3.97%,-4.40%,-4.03%,-4.40%,-4.40%,-4.32%,-4.40%,-4.45%,-4.27%,-4.26%,-4.27%,-4.29%,-3.95%,-3.79%,-3.64%,-3.58%,-3.56%,-3.58%,-3.35%,-3.60%,-3.42%,-3.43%,-3.24%,-3.35%,-3.40%,-3.40%,-3.34%,-3.35%,-3.32%,-3.40%,-3.39%,-3.26%,-3.97%,-4.01%,-4.01%,-3.87%,-4.13%,-4.18%,-4.31%,-4.31%,-4.40%,-4.53%,-4.56%,-4.31%,-4.27%,-4.31%,-4.42%,-4.42%,-4.29%,-4.11%,-4.22%,-4.10%,-4.22%,-4.35%,-4.27%,-4.29%,-4.31%,-4.63%,-4.55%,-4.56%,-4.47%,-4.29%,-4.56%,-4.64%,-4.71%,-4.64%,-4.61%,-4.80%,-4.55%,-4.40%,-4.42%,-4.39%,-4.35%,-4.42%,-4.35%,-4.26%,-4.29%,-4.29%,-4.37%,-4.69%,-4.76%,-4.77%,-4.66%,-4.79%,-4.77%,-4.80%,-4.72%,-4.89%,-4.80%,-4.82%,-4.84%,-4.82%,-4.79%,-4.76%,-4.79%,-4.76%,-4.76%,-4.72%,-4.77%,-4.74%,-4.37%,-4.37%,-4.18%,-4.24%,-4.31%,-4.37%,-4.35%,-4.63%,-4.63%,-4.68%,-4.61%,-4.56%,-4.53%,-4.55%,-4.58%,-4.56%,-4.51%,-4.68%,-4.68%,-4.58%,-4.72%,-4.76%,-4.72%,-4.80%,-4.72%,-4.80%,-4.82%,-4.82%,-4.92%,-4.92%,-4.92%,-4.93%,-4.93%,-4.97%,-4.90%,-4.95%,-4.53%,-4.51%,-4.55%,-4.37%,-4.40%,-4.40%,-4.39%,+1.01%,+0.98%,+1.00%,+1.01%,+1.00%,+0.88%,+0.81%,+0.88%,+0.88%,+1.12%,+1.10%,+1.13%,+0.95%,+1.13%,+1.22%,+1.12%,+1.10%,+1.30%,+1.30%,+1.13%,+1.22%,+1.25%,+1.32%,+1.27%,+1.35%,+1.33%,+1.27%,+1.25%,+1.33%,+1.33%,+1.20%,+1.32%,+1.45%,+1.59%,+1.39%,+1.44%,+1.49%,+1.45%,+1.42%,+1.35%,+1.23%,+1.05%,+0.98%,+1.18%,+1.12%,+1.06%,+1.06%,+1.13%,+1.08%,+1.15%,+1.20%,+1.22%,+1.39%,+1.39%,+1.33%,+1.35%,+1.44%,+1.25%,+1.45%,+1.47%,+1.39%,+0.69%,+0.91%,+0.96%,+0.95%,+0.69%,+0.79%,+0.78%,+0.73%,+1.06%,+0.95%,+0.95%,+1.17%,+0.88%,+1.15%
Cobre Futuros,+0.31%,+0.41%,+0.42%,+0.42%,+0.47%,+0.42%,+0.45%,+0.25%,+0.35%,+0.35%,+0.50%,+0.44%,+0.45%,+0.58%,+0.34%,+0.32%,+0.43%,+0.27%,+0.37%,+0.43%,+0.45%,+0.34%,+0.37%,+0.33%,+0.42%,+0.36%,+0.47%,+0.69%,+0.74%,+0.54%,+0.71%,+0.75%,+0.77%,+0.75%,+0.89%,+0.97%,+0.87%,+0.99%,+0.86%,+0.95%,+0.46%,+0.37%,+0.36%,+0.27%,+0.42%,+0.43%,+0.17%,+0.26%,+0.47%,+0.39%,+0.39%,+0.76%,+0.26%,+0.72%,+0.67%,+1.04%,+1.06%,+0.95%,+1.06%,+1.00%,+0.51%,+0.59%,+0.62%,+0.42%,+0.67%,+0.40%,+0.56%,+0.86%,+0.75%,+0.95%,+0.72%,+0.60%,+0.60%,+0.59%,+0.57%,+0.59%,+0.59%,+0.71%,+0.67%,+0.79%,+0.76%,+0.69%,+0.54%,+0.37%,+0.30%,+0.17%,+0.18%,+0.17%,+0.20%,+0.20%,+0.30%,+0.30%,+0.42%,+0.34%,+0.43%,+0.43%,+0.45%,+0.47%,+0.55%,+0.53%,+0.65%,+0.53%,+0.71%,+0.89%,+1.01%,+1.13%,+0.89%,+1.01%,+1.14%,+1.13%,+1.18%,+1.28%,+1.26%,+1.31%,+1.35%,+1.24%,+1.27%,+1.27%,+1.25%,+1.28%,+1.30%,+1.29%,+1.30%,+1.30%,+1.30%,+1.30%,+1.30%,+1.30%,+1.30%,+1.30%,+0.01%,+0.05%,+0.09%,+0.01%,+0.05%,-0.47%,-0.69%,-0.69%,-0.80%,-0.49%,-0.73%,-0.96%,-0.66%,-0.57%,-0.63%,-0.59%,-0.55%,-0.59%,-0.57%,-0.49%,-0.51%,-0.46%,-0.48%,-0.54%,-0.61%,-0.61%,-0.94%,-0.82%,-0.82%,-0.84%,-1.00%,-1.20%,-0.93%,-1.53%,-1.27%,-1.88%,-1.60%,-1.57%,-1.60%,-1.55%,-1.35%,-1.27%,-1.32%,-1.19%,-1.19%,-1.23%,-1.17%,-1.25%,-1.16%,-1.17%,-1.27%,-1.27%,-1.16%,-1.30%,-1.27%,-1.27%,-1.02%,-1.17%,-0.85%,-0.88%,-0.92%,-0.92%,-0.91%,-1.03%,-1.00%,-0.93%,-1.03%,-0.94%,-0.99%,-0.94%,-0.96%,-1.00%,-0.82%,-0.78%,-0.79%,-0.77%,-0.85%,-0.85%,-0.73%,-0.77%,-0.67%,-0.68%,-0.66%,-0.76%,-0.80%,-0.94%,-1.10%,-1.25%,-1.60%,-1.67%,-1.82%,-1.91%,-1.86%,-2.23%,-1.89%,-2.06%,-1.97%,-1.96%,-1.77%,-1.71%,-1.63%,-1.64%,-1.73%,-1.77%,-1.90%,-1.89%,-1.92%,-1.67%,-1.59%,-1.60%,-1.63%,-1.62%,-1.63%,-1.54%,-1.52%,-1.49%,-1.43%,-1.61%,-1.46%,-1.52%,-1.54%,-1.33%,-1.31%,-1.32%,-1.06%,-1.04%,-1.11%,-1.10%,-1.13%,-1.16%,-1.15%,-1.22%,-1.24%,-1.23%,-1.10%,-1.02%,-1.02%,-1.05%,-1.02%,-1.01%,-1.07%,-0.99%,-1.01%,-1.04%,-1.04%,-0.94%,-0.94%,-0.98%,-0.96%,-0.88%,-0.82%,-0.88%,-0.88%,-0.83%,-0.85%,-0.86%,-0.87%,-0.87%,-0.85%,-0.94%,-0.88%,-0.88%,-0.89%,-0.98%,-0.99%,-0.98%,-1.00%,-0.99%,-0.99%,-1.09%,-1.23%,-1.40%,-1.38%,-1.26%,-1.40%,-1.37%,-1.30%,-1.36%,-1.27%,-1.28%,-1.30%,-1.12%,-1.13%,-1.22%,-1.09%,-1.13%,-1.08%,-1.09%,-1.07%,-1.07%,-1.73%,-1.64%,-1.73%,-1.79%,-1.66%,-1.66%,-1.56%,-1.59%,-1.57%,-1.59%,-1.66%,-1.59%,-1.53%,-1.50%,-1.49%,-1.41%,-1.43%,-1.45%,-1.45%,-1.35%,-1.38%,-1.42%,-1.36%,-1.31%,-1.30%,-1.31%,-1.31%,-1.23%,-1.27%,-1.27%,-1.33%,-1.36%,-1.33%,-1.45%,-1.49%,-1.50%,-1.64%,-1.69%,-1.68%,-1.82%,-1.96%,-1.98%,-2.23%,-2.58%,-2.86%,-2.94%,-3.08%,-3.22%,-2.95%,-3.12%,-3.12%,-3.15%,-2.84%,-2.84%,-2.85%,-2.55%,-2.55%,-2.59%,-2.62%,-3.05%,-2.62%,-3.02%,-2.63%,-2.81%,-2.79%,-2.89%,-2.93%,-2.90%,-2.81%,-2.91%,-3.09%,-3.10%,-3.42%,-3.54%,-3.44%
Ouro Futuros,+0.82%,+0.81%,+0.81%,+0.82%,+0.81%,+0.85%,+0.93%,+0.93%,+0.93%,+0.94%,+0.94%,+0.98%,+0.98%,+0.94%,+0.92%,+0.86%,+0.96%,+0.98%,+0.95%,+0.96%,+0.96%,+0.83%,+0.82%,+0.87%,+0.86%,+0.81%,+0.80%,+0.99%,+1.00%,+1.01%,+0.97%,+0.94%,+0.96%,+0.99%,+0.95%,+0.96%,+0.95%,+0.96%,+0.96%,+1.01%,+0.93%,+0.86%,+0.83%,+0.91%,+0.86%,+0.91%,+0.86%,+0.97%,+0.95%,+0.92%,+0.96%,+1.00%,+0.84%,+0.92%,+0.89%,+0.98%,+0.92%,+0.82%,+0.69%,+0.55%,+0.40%,+0.51%,+0.52%,+0.30%,+0.37%,+0.49%,+0.60%,+0.66%,+0.67%,+0.46%,+0.58%,+0.57%,+0.52%,+0.40%,+0.55%,+0.58%,+0.57%,+0.58%,+0.57%,+0.66%,+0.64%,+0.64%,+0.54%,+0.49%,+0.44%,+0.51%,+0.51%,+0.56%,+0.40%,+0.46%,+0.49%,+0.38%,+0.42%,+0.31%,+0.40%,+0.25%,+0.37%,+0.41%,+0.45%,+0.52%,+0.61%,+0.66%,+0.75%,+0.74%,+0.79%,+0.82%,+0.81%,+0.88%,+0.87%,+0.97%,+1.05%,+0.83%,+0.81%,+0.88%,+0.87%,+0.74%,+0.67%,+0.67%,+0.56%,+0.64%,+0.63%,+0.75%,+0.75%,+0.75%,+0.75%,+0.75%,+0.75%,+0.75%,+0.75%,+0.01%,+0.01%,+0.01%,+0.01%,-0.28%,-0.25%,-0.27%,-0.40%,-0.45%,-0.42%,-0.44%,-0.50%,-0.05%,-0.40%,-0.29%,-0.37%,-0.29%,-0.29%,-0.32%,-0.34%,-0.31%,-0.32%,-0.31%,-0.34%,-0.41%,-0.36%,-0.44%,-0.31%,-0.50%,-0.52%,-0.55%,-0.60%,-0.61%,-0.96%,-0.72%,-0.66%,-0.63%,-0.57%,-0.57%,-0.65%,-0.55%,-0.62%,-0.59%,-0.56%,-0.62%,-0.48%,-0.48%,-0.44%,-0.42%,-0.45%,-0.47%,-0.40%,-0.37%,-0.45%,-0.40%,-0.44%,-0.36%,-0.29%,-0.28%,-0.26%,-0.28%,-0.24%,-0.24%,-0.25%,-0.29%,-0.26%,-0.29%,-0.25%,-0.20%,-0.26%,-0.32%,-0.33%,-0.32%,-0.28%,-0.31%,-0.35%,-0.34%,-0.33%,-0.31%,-0.34%,-0.31%,-0.31%,-0.35%,-0.37%,-0.39%,-0.36%,-0.37%,-0.40%,-0.43%,-0.53%,-0.49%,-0.71%,-0.87%,-0.82%,-0.93%,-0.84%,-0.93%,-0.86%,-0.80%,-0.72%,-0.73%,-0.63%,-0.59%,-0.49%,-0.47%,-0.60%,-0.53%,-0.46%,-0.46%,-0.48%,-0.53%,-0.45%,-0.36%,-0.45%,-0.34%,-0.39%,-0.30%,-0.36%,-0.33%,-0.37%,-0.36%,-0.45%,-0.36%,-0.20%,-0.16%,-0.29%,-0.39%,-0.42%,-0.46%,-0.54%,-0.55%,-0.56%,-0.56%,-0.49%,-0.50%,-0.46%,-0.44%,-0.39%,-0.38%,-0.38%,-0.34%,-0.35%,-0.31%,-0.35%,-0.35%,-0.23%,-0.28%,-0.27%,-0.28%,-0.24%,-0.26%,-0.30%,-0.28%,-0.35%,-0.26%,-0.31%,-0.32%,-0.26%,-0.25%,-0.22%,-0.25%,-0.26%,-0.27%,-0.28%,-0.32%,-0.32%,-0.33%,-0.34%,-0.39%,-0.36%,-0.42%,-0.54%,-0.63%,-0.63%,-0.61%,-0.55%,-0.54%,-0.55%,-0.55%,-0.57%,-0.57%,-0.49%,-0.44%,-0.45%,-0.43%,-0.38%,-0.39%,-0.36%,-0.35%,-0.36%,-0.34%,-0.43%,-0.36%,-0.41%,-0.41%,-0.39%,-0.38%,-0.31%,-0.33%,-0.25%,-0.26%,-0.24%,-0.24%,-0.24%,-0.24%,-0.26%,-0.28%,-0.39%,-0.42%,-0.40%,-0.35%,-0.26%,-0.24%,-0.21%,-0.19%,-0.15%,-0.12%,-0.14%,-0.13%,-0.15%,-0.18%,-0.19%,-0.19%,-0.19%,-0.27%,-0.28%,-0.33%,-0.35%,-0.35%,-0.36%,-0.44%,-0.37%,-0.33%,-0.41%,-0.49%,-0.71%,-0.61%,-0.58%,-0.60%,-0.54%,-0.52%,-0.45%,-0.46%,-0.37%,-0.44%,-0.33%,-0.26%,-0.28%,-0.36%,-0.39%,-0.47%,-0.29%,-0.25%,-0.16%,-0.20%,-0.16%,-0.17%,-0.01%,-0.19%,-0.07%,-0.51%,-0.80%,-1.73%,-1.44%,-1.46%,-1.21%
Minerio de ferro,0.00%,0.00%,0.00%,0.00%,0.00%,0.00%,0.00%,0.00%,0.00%,0.00%,0.00%,0.00%,0.00%,0.00%,0.00%,0.00%,0.00%,0.00%,0.00%,0.00%,0.00%,0.00%,0.00%,0.00%,0.00%,0.00%,0.00%,0.00%,0.00%,0.00%,0.00%,0.00%,0.00%,0.00%,0.00%,0.00%,0.00%,0.00%,0.00%,0.00%,0.00%,0.00%,0.00%,0.00%,0.00%,0.00%,0.00%,0.00%,0.00%,0.00%,0.00%,0.00%,0.00%,0.00%,0.00%,0.00%,0.00%,0.00%,0.00%,0.00%,0.00%,0.00%,0.00%,0.00%,0.00%,0.00%,0.00%,0.00%,0.00%,0.00%,0.00%,0.00%,0.00%,0.00%,0.00%,0.00%,0.00%,0.00%,0.00%,0.00%,0.00%,0.00%,0.00%,0.00%,0.00%,0.00%,0.00%,0.00%,0.00%,0.00%,0.00%,0.00%,0.00%,0.00%,0.00%,0.00%,0.00%,0.00%,0.00%,0.00%,0.00%,0.00%,-0.20%,-0.20%,-0.20%,-0.20%,-0.20%,-0.20%,-0.20%,-0.20%,-0.20%,-0.20%,-0.20%,-0.20%,-0.20%,-0.20%,-0.20%,-0.20%,-0.20%,-0.20%,-0.20%,-0.20%,-0.20%,-0.20%,-0.20%,-0.20%,-0.20%,-0.20%,-0.20%,-0.20%,-0.20%,-0.20%,-0.20%,-0.20%,-0.20%,-0.20%,-0.20%,-0.20%,-0.20%,-0.20%,-0.20%,-0.20%,-0.20%,-0.20%,-0.20%,-0.20%,-0.20%,-0.20%,-0.20%,-0.20%,-0.20%,-0.20%,-0.20%,-0.20%,-0.20%,-0.20%,-0.20%,-0.20%,-0.20%,-0.20%,-0.20%,-0.20%,-0.20%,-0.20%,-0.20%,-0.20%,-0.20%,-0.20%,-0.20%,-0.20%,0.00%,0.00%,0.00%,0.00%,0.00%,0.00%,0.00%,0.00%,0.00%,0.00%,0.00%,0.00%,0.00%,0.00%,0.00%,0.00%,0.00%,0.00%,0.00%,0.00%,0.00%,0.00%,0.00%,0.00%,0.00%,0.00%,0.00%,0.00%,0.00%,0.00%,0.00%,0.00%,0.00%,0.00%,0.00%,0.00%,0.00%,0.00%,0.00%,0.00%,0.00%,0.00%,0.00%,0.00%,0.00%,0.00%,0.00%,0.00%,0.00%,0.00%,0.00%,0.00%,0.00%,0.00%,0.00%,0.00%,0.00%,0.00%,0.00%,0.00%,0.00%,0.00%,0.00%,0.00%,0.00%,0.00%,0.00%,0.00%,0.00%,0.00%,0.00%,0.00%,0.00%,0.00%,0.00%,0.00%,0.00%,0.00%,0.00%,0.00%,0.00%,0.00%,0.00%,0.00%,0.00%,0.00%,0.00%,0.00%,0.00%,0.00%,0.00%,0.00%,0.00%,0.00%,0.00%,-0.27%,-0.27%,-0.27%,-0.27%,-0.27%,-0.27%,-0.27%,-0.27%,-0.27%,-0.27%,-0.27%,-0.27%,-0.27%,-0.27%,-0.27%,-0.27%,-0.27%,-0.27%,-0.27%,-0.27%,-0.27%,-0.27%,-0.27%,-0.27%,-0.27%,-0.27%,-0.27%,-0.27%,-0.27%,-0.27%,-0.27%,-0.27%,-0.27%,-0.27%,-0.27%,-0.27%,-0.27%,-0.27%,-0.27%,-0.27%,-0.27%,-0.27%,-0.27%,-0.27%,-0.27%,-0.27%,-0.27%,-0.27%,-0.27%,-0.27%,-0.27%,-0.27%,-0.27%,-0.27%,-0.27%,0.00%,0.00%,0.00%,0.00%,0.00%,0.00%,0.00%,0.00%,0.00%,0.00%,0.00%,0.00%,0.00%,0.00%,0.00%,0.00%,0.00%,0.00%,0.00%,0.00%,0.00%,0.00%,0.00%,0.00%,0.00%,0.00%,0.00%,0.00%,0.00%,0.00%,0.00%,0.00%,0.00%,0.00%,0.00%,0.00%,0.00%,0.00%,0.00%,0.00%,0.00%,0.00%,0.00%,0.00%,0.00%,0.00%,0.00%,0.00%,0.00%,0.00%,0.00%,0.00%,0.00%,0.00%,0.00%,0.00%,0.00%,0.00%,0.00%,0.00%,0.00%,0.00%,0.00%,0.00%,0.00%,0.00%,0.00%,0.00%,0.00%,0.00%,0.00%,0.00%,0.00%,0.00%,0.00%
VALE ADR - Vale SA,"+0,64%","+0,64%","+0,64%","+0,64%","+0,64%","+0,64%","+0,64%","+0,64%","+0,64%","+0,64%","+0,64%","+0,64%","+0,64%","+0,64%","+0,64%","+0,50%","+0,50%","+0,21%","+0,21%","+0,21%","+0,57%","+0,57%","+0,57%","+0,57%","+0,57%","+0,57%","+0,57%","+0,57%","+0,43%","+0,50%","+0,50%","+0,21%","+0,21%","+0,35%","+0,35%","+0,35%","+0,35%","+0,35%","+0,35%","+0,35%","+0,35%","0,00%","0,00%","+0,14%","+0,21%","+0,18%","+0,14%","+0,35%","+0,35%","+0,35%","+0,21%","+0,21%","-0,07%","-0,64%","-0,14%","-0,14%","-0,14%","+0,71%","+0,85%","+1,13%","+1,03%","+1,13%","+1,20%","+1,13%","+1,06%","+1,10%","+1,20%","+1,35%","+1,38%","+1,13%","+1,49%","+1,28%","+1,20%","+1,38%","+1,59%","+1,59%","+1,91%","+1,81%","+1,74%","+1,77%","+1,91%","+1,98%","+1,91%","+2,34%","+2,34%","+2,34%","+2,41%","+2,41%","+2,34%","+2,48%","+2,48%","+2,48%","+2,62%","+2,41%","+2,41%","+2,41%","+2,62%","+2,55%","+2,55%","+2,73%","+2,98%","+3,19%","+3,19%","+3,19%","+3,54%","+3,40%","+3,30%","+3,40%","+3,40%","+3,54%","+3,69%","+3,90%","+3,79%","+3,79%","+3,51%","+0,07%","+0,07%","+0,07%","+0,07%","+0,07%","-0,34%","-0,34%","-0,34%","-0,34%","-0,34%","-0,34%","-0,07%","-0,07%","-0,07%","-0,07%","-0,07%","-0,07%","-0,07%","-0,07%","-0,07%","-0,07%","-0,07%","-0,14%","-0,14%","-0,14%","-0,14%","-0,14%","-0,14%","-0,14%","-0,14%","-0,14%","-0,14%","-0,14%","-0,14%","-0,14%","-0,14%","-0,14%","-0,14%","0,00%","0,00%","0,00%","+3,54%","+3,54%","+3,54%","+3,54%","+3,54%","+3,54%","+3,54%","+3,54%","+3,54%","+3,54%","+3,54%","+3,54%","+3,54%","+3,54%","+3,54%","+3,54%","+3,54%","+3,54%","-0,07%","-0,07%","+0,07%","+0,07%","+0,07%","+0,07%","+0,07%","+0,07%","+0,07%","+0,07%","+0,07%","+0,07%","+0,07%","+0,07%","+0,07%","+0,07%","+0,07%","+0,07%","+0,07%","+0,07%","+0,14%","+0,14%","+0,14%","+0,14%","+0,14%","+0,14%","+0,14%","+0,14%","-0,07%","-0,07%","-0,07%","0,00%","-0,14%","-0,21%","-0,21%","-0,34%","-0,34%","-0,34%","-0,34%","-0,34%","+0,07%","+0,41%","+0,89%","+0,89%","+0,68%","+0,48%","+0,48%","+0,48%","+0,48%","+0,55%","+0,55%","+0,62%","+0,62%","+0,62%","+0,55%","+0,62%","+0,68%","+1,03%","+0,51%","+0,44%","+0,82%","+0,96%","+0,62%","+0,89%","+1,10%","+1,10%","+1,10%","+0,75%","+0,89%","+0,72%","+0,58%","+0,51%","+0,55%","+0,44%","+0,34%","+0,34%","+0,21%","+0,27%","+0,34%","+0,55%","+0,75%","+0,68%","+0,99%","+1,03%","+0,96%","+0,99%","+0,89%","+0,89%","+0,99%","+0,82%","+0,82%","+0,86%","+0,72%","+0,92%","+0,89%","+0,96%","+0,79%","+0,79%","+0,82%","+0,82%","+1,10%","+1,16%","+0,99%","+0,89%","+1,03%","+1,13%","+1,13%","+1,27%","+1,27%","+1,33%","+1,33%","+1,40%","+1,37%","+1,44%","+1,44%","+1,37%","+1,47%","+1,37%","+0,89%","+0,89%","+0,75%","+0,55%","+0,48%","+0,48%","+0,48%","+0,48%","+0,27%","+0,34%","+0,27%","+0,31%","+0,31%","+0,27%","+0,34%","+0,21%","+0,34%","+0,48%","+0,38%","+0,38%","+0,38%","+0,41%","+0,41%","+0,41%","+0,41%","+0,41%","+0,41%","+0,41%","+0,41%","+0,41%","+0,41%","+0,41%","+0,41%","+0,41%","-0,14%","-0,14%","-0,14%","-0,20%","-0,48%","-0,48%","-0,48%","-0,48%","-0,48%","-0,48%","-0,48%","-0,48%","-0,48%","-0,48%","-0,48%","-0,55%","-0,55%","-0,55%","-0,55%","-0,55%","-0,55%","-0,55%","-0,55%","-0,55%","-0,55%","-0,55%","-0,55%","-0,55%","-0,55%","-0,55%","-0,55%","-0,55%","-0,55%","-0,55%","-0,55%","-0,55%","-0,34%","-0,34%","-0,34%","-0,55%","-0,61%","-0,61%","-0,61%","-0,61%","-0,75%","-0,82%","-0,82%","-0,75%","-0,55%","-0,55%","-0,55%","-0,82%","-0,82%","-1,02%","-0,75%","-0,75%","-0,61%","-0,89%","-0,89%","-0,78%","-0,68%","-0,68%","-0,75%","-1,06%","-1,16%","-1,23%","-1,16%","-1,57%","-1,36%"
Petrobras ADR - Petroleo Brasileiro SA,"-0,08%","-0,08%","-0,08%","-0,08%","+0,08%","+0,08%","+0,08%","0,00%","0,00%","0,00%","0,00%","0,00%","0,00%","0,00%","0,00%","+0,41%",,"+0,41%","+0,41%","+0,41%","+0,57%","+0,57%","+0,57%","+0,57%","+0,57%","+0,57%","+0,57%","+0,57%","+0,57%","+0,57%","+0,57%","+0,57%","+0,57%","+0,57%","+0,57%","+0,57%","+0,57%","+0,57%","+0,49%","+0,49%","+0,49%","+0,81%","+0,98%","+0,98%","+0,98%","+0,98%","+0,98%","+0,98%","+0,98%","+1,06%","+0,89%","+0,81%","+0,24%","-0,24%","+0,16%","+0,24%","+0,41%","+0,98%","+1,75%","+2,24%","+2,03%","+2,52%","+3,09%","+2,89%","+2,72%","+2,68%","+3,01%","+3,13%","+3,50%","+3,41%","+3,29%","+3,33%","+3,05%","+2,60%","+2,56%","+2,72%","+2,72%","+2,93%","+2,76%","+2,89%","+3,05%","+2,76%","+2,85%","+3,05%","+3,01%","+3,50%","+3,37%","+3,54%","+3,54%","+3,86%","+3,66%","+3,74%","+3,94%","+3,90%","+3,74%","+3,62%","+3,58%","+3,62%","+3,66%","+3,50%","+3,29%","+3,41%","+3,58%","+3,94%","+3,98%","+4,27%","+3,98%","+4,19%","+4,72%","+4,72%","+3,41%","+3,05%","+2,76%","+2,93%","+2,97%","0,00%","+0,08%","+0,08%","+0,08%","+0,08%","+0,08%","+0,16%","+0,16%","+0,24%","+0,16%","+0,16%","+0,16%","+0,16%","+0,16%","+0,16%","+0,16%","+0,16%","+0,16%","-0,08%","-0,08%","-0,08%","-0,08%","-0,08%","-0,08%","-0,08%","-0,08%","-0,08%","-0,08%","-0,08%","-0,08%","-0,08%","-0,08%","-0,08%","-0,08%","-0,08%","-0,08%","-0,08%","-0,08%","-0,08%","-0,08%","-0,08%",,,"+2,93%","+2,93%","+2,93%","+2,93%","+2,93%","+2,93%","+2,93%","+2,93%","+2,93%","+2,93%","+2,93%","+2,93%","-0,32%","-0,71%","-0,24%","-0,32%","-0,32%","-0,47%","-0,47%","-0,55%","-0,55%","-0,55%","-0,63%","-0,63%","-0,63%","-0,63%","-0,63%","-0,71%","-0,71%","-0,63%","-0,55%","-0,87%","-0,87%","-0,71%","-0,71%","-0,47%","-0,47%","-0,47%","-0,47%","-0,47%","-0,47%","-0,47%","-0,55%","-0,55%","-0,55%","-0,55%","-0,47%","-0,47%","-0,47%","-0,47%","-0,47%","-0,47%","-0,47%","-0,79%","-0,79%","-0,87%","-0,87%","-1,03%","-0,87%","-1,18%","-1,03%","-1,11%","-1,11%","-1,26%","-1,26%","-1,34%","-1,42%","-1,18%","-1,26%","-1,34%","-0,79%","-0,95%","-1,03%","-1,03%","-1,34%","-1,42%","-1,38%","-1,26%","-1,15%","-1,18%","-0,75%","-0,55%","-0,83%","-1,03%","-1,22%","-1,22%","-0,95%","-1,03%","-0,83%","-0,67%","-0,67%","-0,59%","-0,43%","-0,47%","-0,43%","-0,63%","-0,71%","-0,63%","-0,63%","-0,63%","-0,59%","-0,55%","-0,47%","-0,47%","-0,39%","-0,47%","-0,47%","-0,51%","-0,55%","-0,39%","-0,32%","-0,24%","+0,08%","+0,08%","-0,08%","-0,16%","-0,08%","+0,16%","+0,16%","+0,08%","+0,08%","+0,04%","-0,08%","-0,04%","-0,08%","-0,16%","-0,24%","-0,16%","-0,16%","-0,08%","-0,08%","-0,20%","-0,20%","-0,16%","-0,24%","-0,36%","-0,39%","-0,32%","-0,28%","-0,24%","-0,28%","-0,28%","-0,36%","-0,39%","-0,51%","-0,55%","-0,47%","-0,47%","-0,39%","-0,43%","-0,55%","-0,32%","-0,24%","-0,24%","-0,39%","-0,39%","-0,39%","-0,39%","-0,39%","-0,39%","-0,39%","-0,39%","-0,08%","-0,08%","-0,08%","-0,08%","-0,08%","-0,08%","-0,08%","-0,08%","-0,08%","+0,24%","0,00%","0,00%","0,00%","+0,16%","+0,16%","+0,24%","+0,24%","+0,24%","+0,24%","+0,24%","+0,24%","+0,24%","+0,24%","+0,16%","+0,16%","+0,16%","+0,16%","+0,16%","+0,16%","+0,16%","+0,40%","+0,40%","+0,48%","+0,48%","+0,48%","+0,48%","+0,48%","+0,56%","+0,56%","+0,56%","+0,56%","+0,63%","+0,63%","+0,48%","+0,71%","+0,32%","+0,40%","+0,40%","+0,40%","+0,40%","+0,40%","+0,40%","+0,40%","+0,32%","+0,24%","+0,24%","+0,16%","+0,08%","0,00%","+0,28%","+0,67%","+0,99%","+0,95%","+0,71%","+0,83%","+0,79%","+0,87%","+0,91%","+0,87%","+0,87%","+0,83%","+0,79%","+0,71%","+0,52%","+0,67%"
